"30.12.2014","1400.00","1400.00","1400.00","1400.00","-0.52","50","70000","70000"
"29.12.2014","1410.00","1410.00","1400.00","1407.27","0.52","139","195610","195610"
"23.12.2014","1400.00","1400.00","1400.00","1400.00","-6.67","19","26600","26600"
"22.12.2014","1500.00","1500.00","1500.00","1500.00","-1.97","25","37500","37500"
"18.12.2014","1530.00","","","1530.09","0.00","0","0","6424470"
"12.12.2014","1530.00","1531.00","1530.00","1530.09","-2.85","164","250934","250934"
"09.12.2014","1575.00","1575.00","1575.00","1575.00","0.00","35","55125","55125"
"05.12.2014","1575.00","1575.00","1575.00","1575.00","0.00","280","441000","441000"
"04.12.2014","1575.00","1575.00","1575.00","1575.00","0.00","15","23625","23625"
"02.12.2014","1575.00","1575.00","1575.00","1575.00","-2.90","19","29925","29925"
"01.12.2014","1622.00","1622.00","1622.00","1622.00","0.00","10","16220","16220"
"28.11.2014","1622.00","1622.00","1622.00","1622.00","2.98","28","45416","45416"
"27.11.2014","1575.00","1575.00","1575.00","1575.00","-1.56","66","103950","103950"
"26.11.2014","1600.00","1600.00","1600.00","1600.00","-2.74","74","118400","118400"
"25.11.2014","1645.00","1645.00","1645.00","1645.00","2.81","23","37835","37835"
"21.11.2014","1600.00","1600.00","1600.00","1600.00","0.00","84","134400","134400"
"20.11.2014","1600.00","1600.00","1600.00","1600.00","-0.62","256","409600","409600"
"19.11.2014","1610.00","1610.00","1610.00","1610.00","-2.94","30","48300","48300"
"18.11.2014","1599.00","1697.00","1599.00","1658.74","0.64","707","1172731","1172731"
"17.11.2014","1669.00","1669.00","1563.00","1648.18","8.60","280","461490","461490"
"14.11.2014","1540.00","1540.00","1501.00","1517.71","5.40","70","106240","106240"
"12.11.2014","1440.00","1440.00","1439.00","1439.94","2.85","396","570215","570215"
"11.11.2014","1400.00","1400.00","1400.00","1400.00","0.00","70","98000","98000"
"07.11.2014","1400.00","1400.00","1400.00","1400.00","0.00","438","613200","613200"
"04.11.2014","1400.00","1400.00","1400.00","1400.00","0.00","134","187600","187600"
"31.10.2014","1400.00","1400.00","1400.00","1400.00","0.00","30","42000","42000"
"29.10.2014","1400.00","1400.00","1400.00","1400.00","0.00","30","42000","42000"
"27.10.2014","1400.00","1400.00","1400.00","1400.00","-2.78","50","70000","70000"
"21.10.2014","1440.00","1440.00","1440.00","1440.00","-0.06","20","28800","28800"
"16.10.2014","1440.00","1441.00","1440.00","1440.88","-0.63","811","1168551","1168551"
"15.10.2014","1450.00","1450.00","1450.00","1450.00","2.47","56","81200","81200"
"14.10.2014","1415.00","1415.00","1415.00","1415.00","0.00","12","16980","16980"
"09.10.2014","1415.00","1415.00","1415.00","1415.00","0.00","50","70750","70750"
"08.10.2014","1415.00","1415.00","1415.00","1415.00","-1.61","82","116030","116030"
"03.10.2014","1415.00","1440.00","1415.00","1438.19","1.64","124","178335","178335"
"02.10.2014","1415.00","1415.00","1415.00","1415.00","-0.07","25","35375","35375"
"01.10.2014","1416.00","1416.00","1416.00","1416.00","1.14","20","28320","28320"
"19.9.2014","1400.00","1400.00","1400.00","1400.00","0.00","58","81200","81200"
"18.9.2014","1400.00","1400.00","1400.00","1400.00","2.19","124","173600","173600"
"17.9.2014","1370.00","1370.00","1370.00","1370.00","0.22","11","15070","15070"
"16.9.2014","1367.00","1367.00","1367.00","1367.00","-2.36","675","922725","922725"
"12.9.2014","1400.00","1400.00","1400.00","1400.00","0.00","120","168000","168000"
"11.9.2014","1400.00","1400.00","1400.00","1400.00","1.02","75","105000","105000"
"10.9.2014","1350.00","1390.00","1350.00","1385.88","1.90","272","376960","376960"
"09.9.2014","1360.00","1360.00","1360.00","1360.00","0.00","24","32640","32640"
"05.9.2014","1360.00","1360.00","1360.00","1360.00","-2.86","70","95200","95200"
"26.8.2014","1400.00","1400.00","1400.00","1400.00","1.87","31","43400","43400"
"25.8.2014","1400.00","1400.00","1350.00","1374.24","1.87","165","226750","226750"
"22.8.2014","1349.00","1349.00","1349.00","1349.00","2.98","116","156484","156484"
"21.8.2014","1310.00","1310.00","1310.00","1310.00","0.00","73","95630","95630"
"12.8.2014","1310.00","1310.00","1310.00","1310.00","0.77","60","78600","78600"
"06.8.2014","1300.00","1300.00","1300.00","1300.00","0.00","53","68900","68900"
"29.7.2014","1300.00","1300.00","1300.00","1300.00","0.00","20","26000","26000"
"25.7.2014","1300.00","1300.00","1300.00","1300.00","1.80","10","13000","13000"
"22.7.2014","1277.00","1277.00","1277.00","1277.00","2.98","13","16601","16601"
"17.7.2014","1240.00","1240.00","1240.00","1240.00","0.00","23","28520","28520"
"16.7.2014","1240.00","1240.00","1240.00","1240.00","2.92","2","2480","2480"
"30.6.2014","1235.00","1235.00","1200.00","1204.79","0.32","73","87950","87950"
"27.6.2014","1201.00","1201.00","1200.00","1200.94","-3.92","159","190949","190949"
"24.6.2014","1250.00","1250.00","1250.00","1250.00","-2.34","37","46250","46250"
"20.6.2014","1280.00","1280.00","1280.00","1280.00","1.19","40","51200","51200"
"19.6.2014","1265.00","1265.00","1265.00","1265.00","-2.69","28","35420","35420"
"18.6.2014","1300.00","1300.00","1300.00","1300.00","3.09","130","169000","169000"
"16.6.2014","1261.00","1261.00","1261.00","1261.00","-3.00","7","8827","8827"
"13.6.2014","1300.00","1300.00","1300.00","1300.00","0.00","70","91000","91000"
"12.6.2014","1300.00","1300.00","1300.00","1300.00","-0.08","250","325000","325000"
"11.6.2014","1301.00","1301.00","1301.00","1301.00","0.00","250","325250","325250"
"10.6.2014","1301.00","1301.00","1301.00","1301.00","0.07","5","6505","6505"
"05.6.2014","1300.00","1301.00","1300.00","1300.06","-2.02","200","260013","260013"
"04.6.2014","1310.00","1339.00","1310.00","1326.80","-3.83","252","334354","334354"
"28.5.2014","1350.00","1399.00","1350.00","1379.68","-4.85","1688","2328905","2328905"
"21.5.2014","1450.00","1450.00","1450.00","1450.00","-0.89","190","275500","275500"
"19.5.2014","1450.00","1493.00","1450.00","1463.03","0.90","310","453540","453540"
"15.5.2014","1450.00","1450.00","1450.00","1450.00","0.00","85","123250","123250"
"14.5.2014","1450.00","1450.00","1450.00","1450.00","0.00","150","217500","217500"
"13.5.2014","1450.00","1450.00","1450.00","1450.00","0.00","21","30450","30450"
"12.5.2014","1450.00","1450.00","1450.00","1450.00","0.00","40","58000","58000"
"09.5.2014","1450.00","1450.00","1450.00","1450.00","-1.69","50","72500","72500"
"08.5.2014","1475.00","1475.00","1475.00","1475.00","0.00","5","7375","7375"
"23.4.2014","1453.00","1497.00","1453.00","1475.00","1.72","32","47200","47200"
"16.4.2014","1450.00","1450.00","1450.00","1450.00","0.14","15","21750","21750"
"31.3.2014","1448.00","1448.00","1448.00","1448.00","-2.96","25","36200","36200"
"26.3.2014","1456.00","1500.00","1456.00","1492.10","2.55","39","58192","6876277"
"21.3.2014","1455.00","1455.00","1455.00","1455.00","0.00","167","242985","242985"
"20.3.2014","1455.00","1455.00","1455.00","1455.00","-3.00","12","17460","17460"
"19.3.2014","1500.00","1500.00","1500.00","1500.00","0.00","50","75000","75000"
"18.3.2014","1500.00","1500.00","1500.00","1500.00","0.00","100","150000","150000"
"14.3.2014","1500.00","1500.00","1500.00","1500.00","0.00","20","30000","30000"
"11.3.2014","1500.00","1500.00","1500.00","1500.00","0.00","69","103500","103500"
"10.3.2014","1500.00","1500.00","1500.00","1500.00","0.00","65","97500","97500"
"06.3.2014","1500.00","1500.00","1500.00","1500.00","-0.25","28","42000","42000"
"05.3.2014","1500.00","1520.00","1500.00","1503.71","0.23","342","514270","514270"
"04.3.2014","1500.00","1501.00","1500.00","1500.24","-0.05","50","75012","75012"
"03.3.2014","1501.00","1501.00","1501.00","1501.00","3.52","38","57038","57038"
"28.2.2014","1450.00","1450.00","1450.00","1450.00","3.57","50","72500","72500"
"26.2.2014","1400.00","1400.00","1400.00","1400.00","3.70","490","686000","686000"
"25.2.2014","1350.00","1350.00","1350.00","1350.00","0.00","14","18900","18900"
"24.2.2014","1350.00","1350.00","1350.00","1350.00","2.66","5","6750","6750"
"21.2.2014","1315.00","1315.00","1315.00","1315.00","-2.59","50","65750","65750"
"20.2.2014","1350.00","1350.00","1350.00","1350.00","0.00","465","627750","627750"
"19.2.2014","1350.00","1350.00","1350.00","1350.00","0.00","23","31050","31050"
"18.2.2014","1350.00","1350.00","1350.00","1350.00","-0.07","50","67500","67500"
"13.2.2014","1351.00","1351.00","1351.00","1351.00","-0.76","25","33775","33775"
"11.2.2014","1370.00","1370.00","1350.00","1361.30","0.84","46","62620","62620"
"10.2.2014","1350.00","1350.00","1350.00","1350.00","0.00","180","243000","243000"
"07.2.2014","1350.00","1350.00","1350.00","1350.00","0.00","15","20250","20250"
"06.2.2014","1350.00","1350.00","1350.00","1350.00","0.00","100","135000","135000"
"03.2.2014","1350.00","1350.00","1350.00","1350.00","-0.07","35","47250","47250"
"28.1.2014","1351.00","1351.00","1351.00","1351.00","0.90","60","81060","81060"
"27.1.2014","1339.00","1339.00","1339.00","1339.00","2.92","25","33475","33475"
"23.1.2014","1301.00","1301.00","1301.00","1301.00","0.08","10","13010","13010"
"21.1.2014","1300.00","1300.00","1300.00","1300.00","-7.14","5","6500","6500"
"17.1.2014","1400.00","1400.00","1400.00","1400.00","7.69","88","123200","123200"
"16.1.2014","1300.00","1300.00","1300.00","1300.00","-0.08","5","6500","6500"
"13.1.2014","1301.00","1301.00","1301.00","1301.00","-7.07","17","22117","22117"
"10.1.2014","1400.00","1400.00","1400.00","1400.00","1.81","21","29400","29400"
"09.1.2014","1364.00","1400.00","1364.00","1375.15","-1.78","323","444172","444172"
"08.1.2014","1400.00","1400.00","1400.00","1400.00","-0.47","81","113400","113400"
"30.12.2015","1111.00","1112.00","1111.00","1111.38","9.93","281","312297","312297"
"29.12.2015","1011.00","1011.00","1011.00","1011.00","-3.71","2","2022","2022"
"28.12.2015","1050.00","1050.00","1050.00","1050.00","-2.78","70","73500","1415940"
"25.12.2015","1080.00","1080.00","1080.00","1080.00","4.85","400","432000","432000"
"21.12.2015","1030.00","1030.00","1030.00","1030.00","2.69","44","45320","45320"
"18.12.2015","1003.00","1003.00","1003.00","1003.00","0.30","50","50150","50150"
"17.12.2015","1000.00","1000.00","1000.00","1000.00","-7.41","982","982000","982000"
"16.12.2015","1080.00","1080.00","1080.00","1080.00","0.00","105","113400","113400"
"15.12.2015","1080.00","1080.00","1080.00","1080.00","2.86","30","32400","32400"
"11.12.2015","1050.00","1050.00","1050.00","1050.00","5.00","32","33600","33600"
"10.12.2015","1000.00","1000.00","1000.00","1000.00","-4.68","147","147000","147000"
"07.12.2015","1000.00","1050.00","1000.00","1049.09","-0.16","219","229750","229750"
"03.12.2015","1050.00","1051.00","1050.00","1050.75","-0.36","67","70400","70400"
"30.11.2015","1099.00","1100.00","1050.00","1054.56","-4.57","869","916411","12651211"
"27.11.2015","1130.00","1130.00","1100.00","1105.07","0.38","148","163550","163550"
"26.11.2015","1100.00","1101.00","1100.00","1100.86","5.21","210","231180","3136280"
"25.11.2015","1050.00","1100.00","1005.00","1046.31","1.58","464","485487","485487"
"24.11.2015","1030.00","1100.00","1000.00","1030.00","-1.57","430","442900","442900"
"20.11.2015","1010.00","1100.00","1010.00","1046.43","4.64","42","43950","43950"
"16.11.2015","1000.00","1000.00","1000.00","1000.00","-2.21","17","17000","17000"
"13.11.2015","1022.00","1050.00","1022.00","1022.55","-2.92","459","469350","469350"
"09.11.2015","1050.00","1100.00","1050.00","1053.32","-1.57","111","116918","116918"
"06.11.2015","1070.00","1071.00","1070.00","1070.16","0.54","115","123068","123068"
"05.11.2015","1050.00","1100.00","1050.00","1064.42","1.08","52","55350","55350"
"04.11.2015","1053.00","1053.00","1053.00","1053.00","-10.00","32","33696","33696"
"29.10.2015","1170.00","1170.00","1170.00","1170.00","2.65","100","117000","117000"
"28.10.2015","1120.00","1150.00","1120.00","1139.75","-1.24","158","180080","180080"
"27.10.2015","1135.00","1170.00","1135.00","1154.02","-5.41","92","106170","106170"
"16.10.2015","1220.00","1220.00","1220.00","1220.00","-3.56","50","61000","61000"
"14.10.2015","1265.00","1265.00","1265.00","1265.00","0.40","7","8855","8855"
"13.10.2015","1260.00","1260.00","1260.00","1260.00","4.96","37","46620","46620"
"08.10.2015","1200.00","1201.00","1200.00","1200.43","-5.25","70","84030","84030"
"02.10.2015","1270.00","1270.00","1260.00","1266.98","2.50","116","146970","146970"
"01.10.2015","1237.00","1237.00","1235.00","1236.12","1.21","205","253405","253405"
"30.9.2015","1235.00","1235.00","1205.00","1221.38","4.41","152","185650","185650"
"28.9.2015","1170.00","1170.00","1169.00","1169.74","0.15","135","157915","157915"
"25.9.2015","1168.00","1168.00","1168.00","1168.00","2.95","83","96944","96944"
"18.9.2015","1110.00","1170.00","1110.00","1134.52","-0.48","93","105510","105510"
"15.9.2015","1140.00","1140.00","1140.00","1140.00","0.00","11","12540","12540"
"14.9.2015","1140.00","1140.00","1140.00","1140.00","0.00","10","11400","11400"
"09.9.2015","1140.00","1140.00","1140.00","1140.00","2.91","77","87780","87780"
"04.9.2015","1100.00","1111.00","1100.00","1107.80","-0.33","150","166170","166170"
"02.9.2015","1111.00","1112.00","1111.00","1111.50","-2.76","40","44460","44460"
"01.9.2015","1143.00","1143.00","1143.00","1143.00","0.00","2","2286","2286"
"31.8.2015","1143.00","1143.00","1143.00","1143.00","2.97","171","195453","195453"
"24.8.2015","1110.00","1110.00","1110.00","1110.00","-7.58","120","133200","133200"
"18.8.2015","1201.00","1201.00","1201.00","1201.00","0.00","7","8407","8407"
"14.8.2015","1201.00","1201.00","1201.00","1201.00","0.00","8","9608","9608"
"13.8.2015","1201.00","1201.00","1201.00","1201.00","-0.74","20","24020","24020"
"12.8.2015","1210.00","1210.00","1210.00","1210.00","0.00","51","61710","61710"
"06.8.2015","1210.00","1210.00","1210.00","1210.00","9.90","26","31460","31460"
"30.7.2015","1101.00","1101.00","1101.00","1101.00","-1.70","20","22020","22020"
"22.7.2015","1120.00","1120.00","1120.00","1120.00","1.82","45","50400","50400"
"21.7.2015","1100.00","1100.00","1100.00","1100.00","-2.65","38","41800","41800"
"20.7.2015","1130.00","1130.00","1130.00","1130.00","2.73","49","55370","55370"
"16.7.2015","1100.00","1100.00","1100.00","1100.00","0.00","30","33000","33000"
"15.7.2015","1100.00","1100.00","1100.00","1100.00","2.95","50","55000","55000"
"14.7.2015","1060.00","1070.00","1060.00","1068.43","-0.15","51","54490","54490"
"13.7.2015","1070.00","1070.00","1070.00","1070.00","-2.73","7","7490","7490"
"10.7.2015","1100.00","1100.00","1100.00","1100.00","-9.09","45","49500","49500"
"30.6.2015","1210.00","1210.00","1210.00","1210.00","10.00","22","26620","26620"
"22.6.2015","1100.00","1100.00","1100.00","1100.00","0.00","20","22000","22000"
"16.6.2015","1100.00","1100.00","1100.00","1100.00","-1.80","40","44000","44000"
"15.6.2015","1130.00","1130.00","1115.00","1120.17","-2.31","29","32485","32485"
"12.6.2015","1150.00","1150.00","1145.00","1146.66","-0.06","582","667355","667355"
"11.6.2015","1145.00","1151.00","1145.00","1147.33","-2.69","18","20652","20652"
"10.6.2015","1179.00","1179.00","1179.00","1179.00","2.06","30","35370","35370"
"08.6.2015","1152.00","1160.00","1152.00","1155.20","-2.02","25","28880","28880"
"04.6.2015","1185.00","1185.00","1161.00","1179.00","2.43","40","47160","47160"
"02.6.2015","1151.00","1151.00","1151.00","1151.00","0.00","43","49493","49493"
"01.6.2015","1151.00","1151.00","1151.00","1151.00","0.44","60","69060","69060"
"28.5.2015","1146.00","1146.00","1146.00","1146.00","-8.32","14","16044","16044"
"21.5.2015","1250.00","1250.00","1250.00","1250.00","5.13","5","6250","6250"
"19.5.2015","1189.00","1189.00","1189.00","1189.00","-2.94","660","784740","784740"
"14.5.2015","1225.00","1225.00","1225.00","1225.00","2.93","20","24500","24500"
"13.5.2015","1200.00","1200.00","1160.00","1190.17","2.60","234","278500","278500"
"05.5.2015","1160.00","1160.00","1160.00","1160.00","-3.33","35","40600","40600"
"29.4.2015","1200.00","1200.00","1200.00","1200.00","-2.65","221","265200","265200"
"23.4.2015","1245.00","1245.00","1210.00","1232.63","4.72","397","489354","489354"
"22.4.2015","1180.00","1180.00","1145.00","1177.02","2.65","126","148305","148305"
"21.4.2015","1146.00","1150.00","1146.00","1146.62","0.58","477","546940","546940"
"20.4.2015","1140.00","1140.00","1140.00","1140.00","0.03","200","228000","228000"
"17.4.2015","1101.00","1166.00","1101.00","1139.62","3.51","135","153849","153849"
"16.4.2015","1101.00","1101.00","1101.00","1101.00","-5.49","21","23121","23121"
"15.4.2015","1165.00","1165.00","1165.00","1165.00","0.00","25","29125","29125"
"14.4.2015","1165.00","1165.00","1165.00","1165.00","-1.27","325","378625","378625"
"09.4.2015","1180.00","1180.00","1180.00","1180.00","-1.52","80","94400","94400"
"08.4.2015","1170.00","1200.00","1166.00","1198.18","-0.07","1113","1333578","1333578"
"07.4.2015","1199.00","1199.00","1199.00","1199.00","-0.08","552","661848","661848"
"03.4.2015","1200.00","1200.00","1200.00","1200.00","-0.07","11","13200","13200"
"27.3.2015","1201.00","1201.00","1200.00","1200.79","0.07","126","151300","151300"
"26.3.2015","1200.00","1200.00","1200.00","1200.00","-5.44","13","15600","15600"
"25.3.2015","1269.00","1269.00","1269.00","1269.00","-1.38","1","1269","1269"
"20.3.2015","1300.00","1300.00","1261.00","1286.81","-1.01","68","87503","87503"
"19.3.2015","1300.00","1300.00","1300.00","1300.00","2.77","126","163800","163800"
"18.3.2015","1265.00","1265.00","1265.00","1265.00","0.00","24","30360","30360"
"16.3.2015","1265.00","1265.00","1265.00","1265.00","-2.77","43","54395","54395"
"12.3.2015","1301.00","1301.00","1301.00","1301.00","-0.69","14","18214","18214"
"11.3.2015","1310.00","1310.00","1310.00","1310.00","-2.93","150","196500","196500"
"05.3.2015","1398.00","1398.00","1301.00","1349.50","-5.16","40","53980","53980"
"02.3.2015","1410.00","1429.00","1410.00","1422.98","0.07","48","68303","68303"
"18.2.2015","1422.00","1422.00","1422.00","1422.00","2.97","25","35550","35550"
"17.2.2015","1381.00","1381.00","1381.00","1381.00","-1.58","75","103575","103575"
"11.2.2015","1400.00","1430.00","1400.00","1403.21","0.33","448","628640","628640"
"06.2.2015","1400.00","1400.00","1380.00","1398.56","1.34","376","525860","525860"
"05.2.2015","1380.00","1380.00","1380.00","1380.00","-0.72","24","33120","33120"
"03.2.2015","1390.00","1390.00","1390.00","1390.00","0.72","40","55600","55600"
"02.2.2015","1380.00","","","1380.00","0.00","0","0","5626660"
"30.1.2015","1380.00","1380.00","1380.00","1380.00","0.00","121","166980","166980"
"27.1.2015","1380.00","1380.00","1380.00","1380.00","0.00","23","31740","31740"
"26.1.2015","1380.00","1380.00","1380.00","1380.00","-1.43","20","27600","27600"
"21.1.2015","1400.00","1400.00","1400.00","1400.00","0.00","50","70000","70000"
"20.1.2015","1400.00","1400.00","1400.00","1400.00","-2.03","10","14000","14000"
"16.1.2015","1400.00","1440.00","1400.00","1428.99","2.07","69","98600","98600"
"13.1.2015","1400.00","1400.00","1400.00","1400.00","0.00","21","29400","29400"
"02.1.2015","1400.00","1400.00","1400.00","1400.00","0.00","22","30800","30800"
"29.12.2016","1299.00","1299.00","1299.00","1299.00","3.92","10","12990","12990"
"28.12.2016","1250.00","1250.00","1250.00","1250.00","0.04","700","875000","875000"
"20.12.2016","1250.00","1250.00","1213.00","1249.45","-0.04","335","418565","418565"
"16.12.2016","1250.00","1250.00","1250.00","1250.00","-3.10","13","16250","16250"
"14.12.2016","1290.00","1290.00","1290.00","1290.00","7.50","10","12900","1312900"
"13.12.2016","1200.00","1200.00","1200.00","1200.00","-7.69","21","25200","25200"
"12.12.2016","1300.00","1300.00","1300.00","1300.00","4.00","25","32500","32500"
"09.12.2016","1250.00","1250.00","1250.00","1250.00","-0.08","10","12500","12500"
"06.12.2016","1250.00","1251.00","1250.00","1250.96","0.08","209","261450","261450"
"02.12.2016","1250.00","1250.00","1250.00","1250.00","-0.87","6","7500","7500"
"29.11.2016","1261.00","1261.00","1261.00","1261.00","-3.00","6","7566","1307566"
"28.11.2016","1300.00","1300.00","1300.00","1300.00","-7.12","55","71500","71500"
"23.11.2016","1400.00","1400.00","1394.00","1399.59","-1.33","2047","2864970","2864970"
"18.11.2016","1415.00","1460.00","1415.00","1418.52","0.06","64","90785","90785"
"17.11.2016","1509.00","1509.00","1412.00","1417.60","3.24","136","192793","192793"
"16.11.2016","1411.00","1411.00","1370.00","1373.06","4.27","67","91995","91995"
"15.11.2016","1354.00","1354.00","1315.00","1316.82","5.35","107","140900","140900"
"11.11.2016","1250.00","1250.00","1250.00","1250.00","0.00","21","26250","26250"
"10.11.2016","1250.00","1250.00","1250.00","1250.00","-2.34","50","62500","62500"
"08.11.2016","1280.00","1280.00","1280.00","1280.00","2.32","120","153600","153600"
"07.11.2016","1251.00","1251.00","1251.00","1251.00","0.00","32","40032","40032"
"03.11.2016","1251.00","1251.00","1251.00","1251.00","0.00","15","18765","18765"
"02.11.2016","1251.00","1251.00","1251.00","1251.00","0.08","21","26271","26271"
"31.10.2016","1250.00","1250.00","1250.00","1250.00","4.17","400","500000","500000"
"27.10.2016","1200.00","1200.00","1200.00","1200.00","0.00","215","258000","258000"
"20.10.2016","1200.00","1200.00","1200.00","1200.00","0.00","9","10800","10800"
"19.10.2016","1200.00","1200.00","1200.00","1200.00","0.00","170","204000","204000"
"17.10.2016","1200.00","1200.00","1200.00","1200.00","1.08","10","12000","12000"
"14.10.2016","1200.00","1200.00","1185.00","1187.14","0.13","140","166200","166200"
"12.10.2016","1184.00","1200.00","1184.00","1185.60","0.14","100","118560","118560"
"10.10.2016","1184.00","1184.00","1184.00","1184.00","2.93","200","236800","236800"
"30.9.2016","1150.00","1151.00","1150.00","1150.33","-1.06","300","345100","345100"
"29.9.2016","1150.00","1167.00","1150.00","1162.62","-6.99","400","465050","465050"
"26.9.2016","1250.00","1250.00","1250.00","1250.00","0.00","20","25000","25000"
"23.9.2016","1250.00","1250.00","1250.00","1250.00","0.00","123","153750","153750"
"15.9.2016","1250.00","1250.00","1250.00","1250.00","0.00","40","50000","50000"
"13.9.2016","1250.00","1250.00","1250.00","1250.00","0.00","6","7500","7500"
"01.9.2016","1250.00","1250.00","1250.00","1250.00","8.70","5","6250","6250"
"17.8.2016","1150.00","1150.00","1150.00","1150.00","3.05","5","5750","5750"
"16.8.2016","1116.00","1116.00","1116.00","1116.00","-2.96","26","29016","29016"
"10.8.2016","1150.00","1150.00","1150.00","1150.00","0.00","55","63250","63250"
"29.7.2016","1150.00","1150.00","1150.00","1150.00","1.50","326","374900","374900"
"28.7.2016","1133.00","1133.00","1133.00","1133.00","1.92","5056","5728448","5728448"
"27.7.2016","1130.00","1130.00","1100.00","1111.63","1.06","774","860400","860400"
"26.7.2016","1100.00","1100.00","1100.00","1100.00","5.77","100","110000","110000"
"21.7.2016","1040.00","1040.00","1040.00","1040.00","2.97","10098","10501920","10501920"
"18.7.2016","1010.00","1010.00","1010.00","1010.00","-7.83","30","30300","30300"
"28.6.2016","1100.00","1100.00","1001.00","1095.85","9.58","2388","2616900","2616900"
"27.6.2016","1000.00","1000.00","1000.00","1000.00","-0.10","34","34000","34000"
"22.6.2016","1001.00","1001.00","1001.00","1001.00","0.05","25","25025","25025"
"21.6.2016","1000.00","1001.00","1000.00","1000.48","0.03","100","100048","100048"
"13.6.2016","1000.00","1001.00","1000.00","1000.16","-0.97","190","190030","190030"
"10.6.2016","1010.00","1010.00","1010.00","1010.00","0.00","5","5050","5050"
"01.6.2016","1010.00","1010.00","1010.00","1010.00","0.90","37","37370","37370"
"25.5.2016","1001.00","1001.00","1001.00","1001.00","-3.75","30","30030","30030"
"23.5.2016","1040.00","1040.00","1040.00","1040.00","2.97","47","48880","48880"
"19.5.2016","1010.00","1010.00","1010.00","1010.00","-2.88","65","65650","65650"
"18.5.2016","1040.00","1040.00","1040.00","1040.00","2.94","10","10400","10400"
"12.5.2016","1010.00","1011.00","1010.00","1010.30","-2.26","305","308140","308140"
"10.5.2016","1030.00","1070.00","1030.00","1033.64","-6.03","110","113700","113700"
"06.5.2016","1100.00","1100.00","1100.00","1100.00","2.09","10","11000","11000"
"05.5.2016","1040.00","1090.00","1040.00","1077.50","-0.43","80","86200","86200"
"28.4.2016","1085.00","1090.00","1060.00","1082.10","2.08","293","317055","317055"
"27.4.2016","1060.00","1060.00","1060.00","1060.00","2.91","26","27560","27560"
"25.4.2016","1030.00","1030.00","1030.00","1030.00","-1.90","47","48410","48410"
"20.4.2016","1050.00","1050.00","1050.00","1050.00","0.02","170","178500","178500"
"18.4.2016","1030.00","1060.00","1030.00","1049.81","-0.96","53","55640","55640"
"15.4.2016","1060.00","1060.00","1060.00","1060.00","-3.50","10","10600","10600"
"06.4.2016","1107.00","1107.00","1060.00","1098.45","2.13","55","60415","60415"
"04.4.2016","1060.00","1100.00","1060.00","1075.56","0.52","90","96800","96800"
"01.4.2016","1070.00","1070.00","1070.00","1070.00","-8.23","31","33170","33170"
"28.3.2016","1166.00","1166.00","1166.00","1166.00","10.00","2","2332","2332"
"25.3.2016","1060.00","1060.00","1060.00","1060.00","0.00","37","39220","39220"
"24.3.2016","1060.00","1060.00","1060.00","1060.00","-9.38","53","56180","56180"
"23.3.2016","1200.00","1200.00","1100.00","1169.70","6.35","3060","3579280","3579280"
"21.3.2016","1100.00","1100.00","1099.00","1099.83","0.02","121","133079","133079"
"18.3.2016","1100.00","1100.00","1099.00","1099.65","-0.03","142","156150","156150"
"11.3.2016","1100.00","1100.00","1100.00","1100.00","6.80","366","402600","402600"
"10.3.2016","1030.00","1030.00","1030.00","1030.00","-0.96","1","1030","1030"
"09.3.2016","1040.00","1040.00","1040.00","1040.00","-2.35","40","41600","41600"
"08.3.2016","1065.00","1065.00","1065.00","1065.00","2.90","54","57510","57510"
"04.3.2016","1035.00","1035.00","1035.00","1035.00","2.78","44","45540","45540"
"03.3.2016","1007.00","1007.00","1007.00","1007.00","-8.30","54","54378","54378"
"25.2.2016","1100.00","1100.00","1050.00","1098.18","-0.07","934","1025700","1025700"
"22.2.2016","1099.00","1099.00","1099.00","1099.00","0.00","40","43960","43960"
"19.2.2016","1099.00","1099.00","1099.00","1099.00","8.84","100","109900","109900"
"18.2.2016","1005.00","1035.00","1003.00","1009.72","0.30","497","501830","501830"
"17.2.2016","1002.00","1011.00","1002.00","1006.69","-0.52","290","291940","291940"
"12.2.2016","1012.00","1012.00","1012.00","1012.00","-7.50","380","384560","384560"
"10.2.2016","1100.00","1100.00","1070.00","1094.00","-0.54","10","10940","10940"
"09.2.2016","1100.00","1100.00","1099.00","1099.97","0.45","971","1068070","1068070"
"08.2.2016","1095.00","1095.00","1095.00","1095.00","-0.14","48","52560","52560"
"03.2.2016","1095.00","1100.00","1095.00","1096.52","1.53","66","72370","72370"
"02.2.2016","1080.00","1080.00","1080.00","1080.00","0.00","132","142560","142560"
"01.2.2016","1080.00","1080.00","1080.00","1080.00","2.86","45","48600","48600"
"29.1.2016","1050.00","1050.00","1050.00","1050.00","2.97","105","110250","110250"
"28.1.2016","1000.00","1040.00","1000.00","1019.67","0.66","659","671965","671965"
"27.1.2016","1013.00","1013.00","1013.00","1013.00","-7.91","600","607800","607800"
"26.1.2016","1100.00","1100.00","1100.00","1100.00","6.80","10","11000","11000"
"25.1.2016","1030.00","1030.00","1030.00","1030.00","-1.15","30","30900","30900"
"21.1.2016","1060.00","1100.00","1030.00","1042.02","-7.79","267","278220","278220"
"20.1.2016","1130.00","1130.00","1130.00","1130.00","2.73","25","28250","28250"
"12.1.2016","1100.00","1100.00","1100.00","1100.00","1.92","80","88000","88000"
"05.1.2016","1080.00","1080.00","1079.00","1079.29","-2.89","70","75550","75550"
"28.12.2017","2020.00","2020.00","2020.00","2020.00","9.77","10","20200","20200"
"25.12.2017","1861.00","1861.00","1835.00","1840.20","-2.13","25","46005","46005"
"20.12.2017","1880.00","1881.00","1880.00","1880.34","-0.04","440","827350","827350"
"07.12.2017","1881.00","1881.00","1881.00","1881.00","0.00","40","75240","75240"
"05.12.2017","1881.00","1881.00","1881.00","1881.00","-2.44","150","282150","282150"
"29.11.2017","1928.00","1928.00","1928.00","1928.00","0.00","99","190872","190872"
"24.11.2017","1928.00","1928.00","1928.00","1928.00","-2.97","31","59768","59768"
"22.11.2017","1987.00","1987.00","1987.00","1987.00","-9.86","23","45701","45701"
"08.11.2017","2200.00","2250.00","2200.00","2204.36","0.26","853","1880322","1880322"
"02.11.2017","2200.00","2200.00","2190.00","2198.64","-0.06","199","437530","437530"
"30.10.2017","2200.00","2200.00","2200.00","2200.00","0.92","3049","6707800","11853340"
"24.10.2017","2180.00","2180.00","2180.00","2180.00","0.00","20","43600","43600"
"20.10.2017","2180.00","2180.00","2180.00","2180.00","-2.64","29","63220","63220"
"16.10.2017","2239.00","2239.00","2239.00","2239.00","-1.17","10","22390","22390"
"09.10.2017","2280.00","2280.00","2249.00","2265.56","0.92","240","543735","543735"
"05.10.2017","2245.00","2245.00","2245.00","2245.00","2.82","2","4490","4490"
"04.10.2017","2151.00","2211.00","2151.00","2183.45","-4.23","44","96072","96072"
"27.9.2017","2280.00","2280.00","2280.00","2280.00","2.70","300","684000","684000"
"25.9.2017","2220.00","2220.00","2220.00","2220.00","0.03","100","222000","222000"
"22.9.2017","2220.00","2220.00","2215.00","2219.26","-0.89","1210","2685305","2685305"
"21.9.2017","2266.00","2266.00","2201.00","2239.24","1.78","51","114201","114201"
"20.9.2017","2200.00","2200.00","2200.00","2200.00","0.00","30","66000","66000"
"18.9.2017","2200.00","2200.00","2200.00","2200.00","-2.02","870","1914000","1914000"
"14.9.2017","2259.00","2259.00","2200.00","2245.44","0.69","596","1338281","1338281"
"13.9.2017","2230.00","2230.00","2230.00","2230.00","1.36","10","22300","22300"
"12.9.2017","2200.00","2200.00","2200.00","2200.00","-0.32","50","110000","110000"
"07.9.2017","2245.00","2245.00","2200.00","2207.17","1.25","314","693050","693050"
"05.9.2017","2180.00","2180.00","2180.00","2180.00","2.83","100","218000","218000"
"31.8.2017","2120.00","2120.00","2120.00","2120.00","2.93","15","31800","31800"
"30.8.2017","2061.00","2061.00","2059.00","2059.59","2.98","170","350130","350130"
"18.8.2017","2000.00","2000.00","2000.00","2000.00","-0.18","80","160000","160000"
"15.8.2017","2020.00","2020.00","1990.00","2003.69","2.07","466","933720","933720"
"08.8.2017","1971.00","1971.00","1960.00","1962.97","2.83","100","196297","196297"
"07.8.2017","1910.00","1911.00","1854.00","1908.86","3.13","109","208066","208066"
"04.8.2017","1851.00","1851.00","1851.00","1851.00","0.05","27","49977","49977"
"01.8.2017","1850.00","1850.00","1850.00","1850.00","2.78","50","92500","92500"
"31.7.2017","1800.00","1800.00","1800.00","1800.00","2.86","342","615600","615600"
"28.7.2017","1750.00","1750.00","1750.00","1750.00","-1.74","48","84000","84000"
"27.7.2017","1781.00","1781.00","1781.00","1781.00","0.00","145","258245","258245"
"26.7.2017","1781.00","1781.00","1781.00","1781.00","-2.94","34","60554","60554"
"25.7.2017","1835.00","1835.00","1835.00","1835.00","-0.02","100","183500","183500"
"24.7.2017","1876.00","1876.00","1821.00","1835.33","0.73","60","110120","110120"
"21.7.2017","1822.00","1822.00","1822.00","1822.00","2.94","15","27330","27330"
"20.7.2017","1770.00","1770.00","1770.00","1770.00","9.87","50","88500","88500"
"17.7.2017","1611.00","1611.00","1611.00","1611.00","0.25","15","24165","24165"
"14.7.2017","1607.00","1607.00","1607.00","1607.00","4.01","142","228194","228194"
"13.7.2017","1545.00","1545.00","1545.00","1545.00","3.00","155","239475","239475"
"12.7.2017","1500.00","1500.00","1500.00","1500.00","6.31","100","150000","150000"
"03.7.2017","1411.00","1411.00","1411.00","1411.00","2.99","90","126990","126990"
"30.6.2017","1370.00","1370.00","1370.00","1370.00","-1.44","100","137000","137000"
"27.6.2017","1390.00","1390.00","1390.00","1390.00","2.98","20","27800","27800"
"19.6.2017","1340.00","1350.00","1340.00","1349.75","-6.27","932","1257970","1257970"
"15.6.2017","1440.00","1440.00","1440.00","1440.00","-2.68","100","144000","144000"
"05.6.2017","1480.00","1480.00","1479.00","1479.65","-0.36","130","192355","192355"
"01.6.2017","1485.00","1485.00","1485.00","1485.00","10.00","20","29700","29700"
"18.5.2017","1350.00","1350.00","1350.00","1350.00","0.00","190","256500","256500"
"11.5.2017","1350.00","1350.00","1350.00","1350.00","0.00","40","54000","54000"
"10.5.2017","1350.00","1350.00","1350.00","1350.00","6.25","20","27000","27000"
"27.4.2017","1270.00","1271.00","1270.00","1270.62","-2.26","195","247770","247770"
"26.4.2017","1300.00","1300.00","1300.00","1300.00","0.00","285","370500","370500"
"24.4.2017","1300.00","1300.00","1300.00","1300.00","1.56","30","39000","39000"
"21.4.2017","1280.00","1280.00","1280.00","1280.00","-1.54","500","640000","640000"
"20.4.2017","1300.00","1300.00","1300.00","1300.00","0.00","28","36400","36400"
"18.4.2017","1300.00","1300.00","1300.00","1300.00","0.00","19","24700","24700"
"12.4.2017","1300.00","1300.00","1300.00","1300.00","3.59","80","104000","104000"
"10.4.2017","1255.00","1255.00","1255.00","1255.00","-2.03","16","20080","20080"
"07.4.2017","1281.00","1281.00","1281.00","1281.00","-0.06","55","70455","70455"
"28.3.2017","1282.00","1282.00","1281.00","1281.80","0.06","141","180734","180734"
"27.3.2017","1281.00","1281.00","1281.00","1281.00","0.00","42","53802","53802"
"24.3.2017","1281.00","1281.00","1281.00","1281.00","-5.11","13","16653","16653"
"20.3.2017","1350.00","1350.00","1350.00","1350.00","5.39","191","257850","257850"
"17.3.2017","1281.00","1281.00","1281.00","1281.00","-1.46","45","57645","57645"
"14.3.2017","1300.00","1300.00","1300.00","1300.00","0.00","25","32500","32500"
"13.3.2017","1300.00","1300.00","1300.00","1300.00","-6.14","5","6500","6500"
"09.3.2017","1385.00","1385.00","1385.00","1385.00","0.00","100","138500","2387012"
"08.3.2017","1385.00","1385.00","1385.00","1385.00","2.58","750","1038750","1038750"
"03.3.2017","1350.00","1351.00","1350.00","1350.13","-0.06","119","160666","160666"
"28.2.2017","1351.00","1351.00","1351.00","1351.00","0.00","30","40530","40530"
"27.2.2017","1351.00","","","1351.00","0.00","0","0","6874884"
"22.2.2017","1351.00","1351.00","1351.00","1351.00","0.00","27","36477","17538327"
"21.2.2017","1351.00","1351.00","1351.00","1351.00","0.00","7","9457","9457"
"20.2.2017","1351.00","1351.00","1351.00","1351.00","-0.66","6","8106","8106"
"16.2.2017","1360.00","1360.00","1360.00","1360.00","4.53","30","40800","40800"
"14.2.2017","1301.00","1301.00","1301.00","1301.00","0.02","64","83264","83264"
"10.2.2017","1300.00","1301.00","1300.00","1300.69","0.05","472","613928","613928"
"09.2.2017","1300.00","1300.00","1300.00","1300.00","0.00","107","139100","139100"
"02.2.2017","1300.00","1300.00","1300.00","1300.00","-0.15","288","374400","374400"
"25.1.2017","1302.00","1302.00","1302.00","1302.00","0.15","20","26040","26040"
"17.1.2017","1300.00","1300.00","1300.00","1300.00","0.00","900","1170000","5375500"
"16.1.2017","1300.00","","","1300.00","0.00","0","0","4205500"
"13.1.2017","1300.00","1300.00","1300.00","1300.00","-0.07","431","560300","560300"
"12.1.2017","1300.00","1301.00","1300.00","1300.92","0.07","109","141800","141800"
"11.1.2017","1300.00","1300.00","1300.00","1300.00","0.08","35","45500","45500"
"28.12.2018","2140.00","2140.00","2140.00","2140.00","7.00","95","203300","203300"
"27.12.2018","2000.00","2000.00","2000.00","2000.00","5.26","35","70000","70000"
"25.12.2018","1900.00","1900.00","1900.00","1900.00","2.65","105","199500","30247512"
"24.12.2018","1851.00","1851.00","1851.00","1851.00","-5.08","40","74040","74040"
"14.12.2018","1950.00","1950.00","1950.00","1950.00","8.22","171","333450","333450"
"13.12.2018","1800.00","1810.00","1800.00","1801.95","-2.60","185","333360","333360"
"11.12.2018","1850.00","1850.00","1850.00","1850.00","2.66","27","49950","49950"
"10.12.2018","1802.00","1802.00","1802.00","1802.00","-7.59","11","19822","19822"
"07.12.2018","1950.00","1950.00","1950.00","1950.00","8.27","15","29250","29250"
"06.12.2018","1801.00","1801.00","1801.00","1801.00","-7.64","25","45025","45025"
"30.11.2018","1950.00","1950.00","1949.00","1949.98","0.00","296","577195","577195"
"29.11.2018","1950.00","1950.00","1950.00","1950.00","-2.50","16","31200","31200"
"21.11.2018","2000.00","2000.00","2000.00","2000.00","-0.30","65","130000","130000"
"20.11.2018","2000.00","2140.00","2000.00","2006.10","-6.74","123","246750","246750"
"19.11.2018","2151.00","2151.00","2151.00","2151.00","-9.06","250","537750","537750"
"14.11.2018","2350.00","2443.00","2350.00","2365.34","-6.05","421","995809","995809"
"13.11.2018","2500.00","2550.00","2499.00","2517.70","-0.47","1417","3567585","3567585"
"12.11.2018","2550.00","2550.00","2500.00","2529.55","-6.31","110","278250","278250"
"09.11.2018","2700.00","2700.00","2700.00","2700.00","0.00","376","1015200","1015200"
"07.11.2018","2700.00","2700.00","2700.00","2700.00","1.97","677","1827900","1827900"
"06.11.2018","2670.00","2670.00","2636.00","2647.86","3.43","43","113858","113858"
"02.11.2018","2560.00","2560.00","2560.00","2560.00","0.00","100","256000","256000"
"01.11.2018","2560.00","2560.00","2560.00","2560.00","-1.47","50","128000","128000"
"31.10.2018","2610.00","2610.00","2560.00","2598.23","-0.26","457","1187390","1187390"
"25.10.2018","2600.00","2610.00","2600.00","2605.00","-0.19","40","104200","104200"
"24.10.2018","2610.00","2610.00","2610.00","2610.00","3.00","30","78300","78300"
"22.10.2018","2534.00","2534.00","2534.00","2534.00","9.99","296","750064","750064"
"19.10.2018","2399.00","2399.00","2260.00","2303.81","3.60","385","886965","886965"
"18.10.2018","2283.00","2283.00","2217.00","2223.79","-1.16","248","551499","551499"
"15.10.2018","2250.00","2250.00","2250.00","2250.00","-2.64","11","24750","24750"
"10.10.2018","2311.00","2311.00","2311.00","2311.00","2.98","14","32354","32354"
"09.10.2018","2246.00","2246.00","2239.00","2244.02","2.89","210","471244","471244"
"05.10.2018","2181.00","2181.00","2181.00","2181.00","-2.98","100","218100","218100"
"04.10.2018","2248.00","2248.00","2248.00","2248.00","-7.91","25","56200","56200"
"28.9.2018","2441.00","2441.00","2441.00","2441.00","3.00","100","244100","244100"
"27.9.2018","2370.00","2370.00","2370.00","2370.00","0.85","46","109020","109020"
"26.9.2018","2350.00","2350.00","2350.00","2350.00","-1.01","100","235000","235000"
"19.9.2018","2374.00","2374.00","2374.00","2374.00","2.97","10","23740","23740"
"18.9.2018","2301.00","2350.00","2301.00","2305.45","0.24","55","126800","126800"
"17.9.2018","2300.00","2300.00","2300.00","2300.00","0.00","727","1672100","1672100"
"31.8.2018","2300.00","2300.00","2300.00","2300.00","3.51","780","1794000","1794000"
"30.8.2018","2222.00","2222.00","2222.00","2222.00","7.37","245","544390","544390"
"27.8.2018","2138.00","2138.00","2001.00","2069.50","2.45","148","306286","306286"
"24.8.2018","2020.00","2020.00","2020.00","2020.00","1.00","6","12120","12120"
"20.8.2018","2000.00","2000.00","2000.00","2000.00","0.00","90","180000","180000"
"15.8.2018","2000.00","2000.00","2000.00","2000.00","-0.99","20","40000","40000"
"13.8.2018","2020.00","2020.00","2020.00","2020.00","0.00","10","20200","20200"
"08.8.2018","2020.00","2020.00","2020.00","2020.00","-2.84","67","135340","135340"
"06.8.2018","2079.00","2079.00","2079.00","2079.00","6.54","145","301455","301455"
"01.8.2018","1950.00","1952.00","1950.00","1951.34","-0.03","80","156107","156107"
"27.7.2018","1952.00","1952.00","1952.00","1952.00","0.05","5","9760","9760"
"26.7.2018","1951.00","1951.00","1951.00","1951.00","0.05","10","19510","19510"
"23.7.2018","1950.00","1950.00","1950.00","1950.00","0.00","10","19500","19500"
"11.7.2018","1950.00","1950.00","1950.00","1950.00","2.04","100","195000","195000"
"10.7.2018","1911.00","1911.00","1911.00","1911.00","0.53","30","57330","57330"
"02.7.2018","1901.00","1901.00","1901.00","1901.00","-4.95","50","95050","95050"
"28.6.2018","2000.00","","","2000.00","0.00","0","0","8593400"
"25.6.2018","2000.00","2000.00","2000.00","2000.00","0.00","20","40000","40000"
"22.6.2018","2000.00","","","2000.00","0.00","0","0","8806000"
"20.6.2018","2000.00","2000.00","2000.00","2000.00","0.00","26","52000","52000"
"19.6.2018","2000.00","2000.00","2000.00","2000.00","-4.25","135","270000","270000"
"08.6.2018","2100.00","2100.00","2050.00","2088.75","1.40","200","417750","417750"
"07.6.2018","2060.00","2060.00","2060.00","2060.00","3.00","150","309000","309000"
"05.6.2018","2000.00","2000.00","2000.00","2000.00","1.08","20","40000","40000"
"31.5.2018","2000.00","2000.00","1953.00","1978.64","1.36","220","435300","435300"
"28.5.2018","1952.00","1952.00","1952.00","1952.00","0.05","5","9760","9760"
"23.5.2018","1951.00","1951.00","1951.00","1951.00","-0.61","25","48775","48775"
"21.5.2018","1963.00","","","1963.00","0.00","0","0","22898800"
"15.5.2018","1963.00","1963.00","1963.00","1963.00","0.00","40","78520","6373120"
"11.5.2018","1963.00","1963.00","1963.00","1963.00","2.98","17","33371","33371"
"08.5.2018","2000.00","2000.00","1900.00","1906.25","3.04","160","305000","4820665"
"03.5.2018","1850.00","1850.00","1850.00","1850.00","-2.68","250","462500","462500"
"27.4.2018","1901.00","","","1901.00","0.00","0","0","29696760"
"24.4.2018","1901.00","","","1901.00","0.00","0","0","24579930"
"23.4.2018","1901.00","","","1901.00","0.00","0","0","29537100"
"20.4.2018","1901.00","1901.00","1901.00","1901.00","-2.90","5","9505","9505"
"19.4.2018","2000.00","2000.00","1944.00","1957.78","0.71","270","528600","528600"
"18.4.2018","1944.00","1944.00","1944.00","1944.00","8.00","25","48600","48600"
"17.4.2018","1800.00","1800.00","1800.00","1800.00","-7.42","11","19800","19800"
"02.4.2018","1945.00","1945.00","1944.00","1944.20","7.62","25","48605","48605"
"30.3.2018","1872.00","1872.00","1763.00","1806.60","-0.60","50","90330","90330"
"23.3.2018","1850.00","1850.00","1811.00","1817.50","-2.28","120","218100","218100"
"22.3.2018","1860.00","1860.00","1860.00","1860.00","-2.99","63","117180","117180"
"21.3.2018","1920.00","1920.00","1900.00","1917.24","-1.68","145","278000","278000"
"20.3.2018","1950.00","1950.00","1950.00","1950.00","1.77","150","292500","292500"
"19.3.2018","1916.00","1916.00","1916.00","1916.00","-2.96","20","38320","38320"
"14.3.2018","1978.00","1978.00","1960.00","1974.49","2.78","354","698970","698970"
"13.3.2018","1921.00","1921.00","1921.00","1921.00","-0.02","151","290071","290071"
"09.3.2018","1921.00","1922.00","1921.00","1921.43","-2.96","86","165243","165243"
"07.3.2018","1980.00","1980.00","1980.00","1980.00","-2.94","58","114840","114840"
"05.3.2018","2040.00","2040.00","2040.00","2040.00","0.00","30","61200","61200"
"02.3.2018","2040.00","2040.00","2040.00","2040.00","0.00","66","134640","134640"
"28.2.2018","2040.00","2040.00","2040.00","2040.00","-4.11","19","38760","38760"
"22.2.2018","2150.00","2150.00","2120.00","2127.50","4.24","40","85100","85100"
"20.2.2018","2041.00","2041.00","2041.00","2041.00","-2.86","17","34697","34697"
"16.2.2018","2101.00","2101.00","2101.00","2101.00","-1.82","88","184888","184888"
"14.2.2018","2140.00","2140.00","2140.00","2140.00","-2.81","45","96300","96300"
"12.2.2018","2200.00","2220.00","2200.00","2201.82","-0.82","132","290640","290640"
"07.2.2018","2220.00","2220.00","2220.00","2220.00","0.00","150","333000","333000"
"06.2.2018","2220.00","2220.00","2220.00","2220.00","-2.80","28","62160","62160"
"05.2.2018","2284.00","2284.00","2284.00","2284.00","-4.83","10","22840","22840"
"01.2.2018","2400.00","2400.00","2400.00","2400.00","5.91","5","12000","12000"
"30.1.2018","2266.00","2266.00","2266.00","2266.00","3.00","55","124630","124630"
"26.1.2018","2200.00","2200.00","2200.00","2200.00","4.72","150","330000","330000"
"24.1.2018","2100.00","2140.00","2100.00","2100.85","1.00","236","495800","495800"
"23.1.2018","2080.00","2080.00","2080.00","2080.00","2.97","3","6240","6240"
"16.1.2018","2020.00","2020.00","2020.00","2020.00","0.00","5","10100","10100"
"12.1.2018","2020.00","2020.00","2020.00","2020.00","0.01","30","60600","60600"
"11.1.2018","2020.00","2020.00","2019.00","2019.87","2.53","78","157550","157550"
"10.1.2018","1970.00","1970.00","1970.00","1970.00","0.46","24","47280","47280"
"09.1.2018","1961.00","1961.00","1961.00","1961.00","1.67","54","105894","105894"
"04.1.2018","1922.00","1950.00","1922.00","1928.71","-4.52","417","804274","804274"
"30.12.2019","3100.00","3100.00","3100.00","3100.00","1.64","10","31000","31000"
"27.12.2019","3050.00","3050.00","3050.00","3050.00","1.67","510","1555500","1555500"
"26.12.2019","3000.00","3000.00","3000.00","3000.00","0.00","335","1005000","1005000"
"25.12.2019","3000.00","3000.00","3000.00","3000.00","-2.91","100","300000","300000"
"24.12.2019","2999.00","3182.00","2999.00","3090.01","0.00","605","1869458","3904658"
"23.12.2019","3090.00","3090.00","3090.00","3090.00","3.42","6300","19467000","40715250"
"20.12.2019","3012.00","3012.00","2738.00","2987.96","9.10","114","340628","340628"
"19.12.2019","2865.00","2865.00","2700.00","2738.76","5.14","975","2670290","2670290"
"18.12.2019","2601.00","2607.00","2601.00","2604.93","0.55","595","1549935","1549935"
"13.12.2019","2600.00","2600.00","2575.00","2590.73","3.49","296","766856","766856"
"12.12.2019","2550.00","2550.00","2300.00","2503.33","-1.85","105","262850","262850"
"10.12.2019","2599.00","2599.00","2524.00","2550.41","1.13","71","181079","181079"
"04.12.2019","2522.00","2522.00","2522.00","2522.00","-3.00","15","37830","37830"
"02.12.2019","2600.00","2600.00","2600.00","2600.00","0.00","104","270400","270400"
"26.11.2019","2600.00","2600.00","2600.00","2600.00","0.04","100","260000","260000"
"25.11.2019","2599.00","2599.00","2599.00","2599.00","-0.02","30","77970","77970"
"22.11.2019","2600.00","2600.00","2599.00","2599.53","4.47","64","166370","166370"
"12.11.2019","2490.00","2490.00","2480.00","2488.40","-0.06","200","497680","497680"
"11.11.2019","2490.00","2490.00","2490.00","2490.00","0.40","63","156870","156870"
"30.10.2019","2480.00","2480.00","2480.00","2480.00","0.00","34","84320","84320"
"28.10.2019","2480.00","2480.00","2480.00","2480.00","0.00","120","297600","297600"
"25.10.2019","2480.00","2480.00","2480.00","2480.00","0.00","30","74400","74400"
"24.10.2019","2480.00","2480.00","2480.00","2480.00","-0.80","20","49600","49600"
"16.10.2019","2500.00","2500.00","2500.00","2500.00","0.00","35","87500","87500"
"15.10.2019","2500.00","2500.00","2500.00","2500.00","-1.34","734","1835000","1835000"
"14.10.2019","2534.00","2534.00","2534.00","2534.00","-9.98","14","35476","35476"
"07.10.2019","2815.00","2815.00","2815.00","2815.00","6.23","15","42225","42225"
"03.10.2019","2650.00","2650.00","2650.00","2650.00","0.00","26","68900","68900"
"01.10.2019","2650.00","2650.00","2650.00","2650.00","-0.10","610","1616500","9566500"
"30.9.2019","2650.00","2654.00","2650.00","2652.59","-0.05","427","1132658","1132658"
"27.9.2019","2654.00","2654.00","2650.00","2653.80","2.95","7324","19436444","19436444"
"25.9.2019","2650.00","2650.00","2560.00","2577.64","4.25","1001","2580220","2580220"
"24.9.2019","2475.00","2475.00","2460.00","2472.64","0.55","159","393150","393150"
"16.9.2019","2459.00","2459.00","2459.00","2459.00","-3.00","100","245900","245900"
"03.9.2019","2535.00","2535.00","2530.00","2534.95","0.00","1053","2669305","2669305"
"02.9.2019","2535.00","2535.00","2535.00","2535.00","0.00","772","1957020","1957020"
"30.8.2019","2535.00","2535.00","2535.00","2535.00","0.43","11","27885","27885"
"26.8.2019","2535.00","2535.00","2516.00","2524.04","-2.62","260","656250","656250"
"23.8.2019","2615.00","2615.00","2448.00","2592.06","9.02","3386","8776702","8776702"
"22.8.2019","2405.00","2405.00","2350.00","2377.50","1.79","100","237750","237750"
"21.8.2019","2300.00","2350.00","2300.00","2335.67","-1.31","157","366700","366700"
"20.8.2019","2400.00","2400.00","2303.00","2366.63","2.90","156","369194","2719194"
"19.8.2019","2300.00","2300.00","2300.00","2300.00","0.00","25","57500","57500"
"16.8.2019","2300.00","2300.00","2300.00","2300.00","0.00","30","69000","69000"
"14.8.2019","2300.00","2300.00","2300.00","2300.00","-3.85","25","57500","57500"
"13.8.2019","2392.00","2392.00","2392.00","2392.00","2.97","52","124384","124384"
"12.8.2019","2328.00","2328.00","2300.00","2322.96","2.47","238","552864","552864"
"09.8.2019","2257.00","2280.00","2257.00","2266.89","0.48","93","210821","210821"
"30.7.2019","2256.00","2256.00","2256.00","2256.00","0.00","10","22560","22560"
"29.7.2019","2256.00","2256.00","2256.00","2256.00","0.09","11","24816","24816"
"25.7.2019","2254.00","2254.00","2254.00","2254.00","0.04","37","83398","83398"
"19.7.2019","2253.00","2253.00","2253.00","2253.00","-0.01","25","56325","56325"
"18.7.2019","2253.00","2254.00","2253.00","2253.17","-6.12","126","283900","283900"
"10.7.2019","2400.00","2400.00","2400.00","2400.00","4.92","25","60000","60000"
"05.7.2019","2289.00","2289.00","2280.00","2287.38","0.28","306","699939","699939"
"03.7.2019","2281.00","2281.00","2281.00","2281.00","0.09","65","148265","148265"
"02.7.2019","2279.00","2279.00","2279.00","2279.00","-4.27","86","195994","195994"
"28.6.2019","2400.00","2400.00","2340.00","2380.62","1.39","160","380900","380900"
"26.6.2019","2280.00","2380.00","2280.00","2348.07","-0.08","487","1143510","1143510"
"24.6.2019","2350.00","2350.00","2350.00","2350.00","0.00","100","235000","235000"
"21.6.2019","2350.00","2350.00","2350.00","2350.00","0.00","15","35250","35250"
"20.6.2019","2350.00","2350.00","2350.00","2350.00","-6.00","5","11750","11750"
"13.6.2019","2500.00","2500.00","2500.00","2500.00","-3.93","14","35000","35000"
"06.6.2019","2582.00","2605.00","2582.00","2602.15","4.79","97","252409","252409"
"05.6.2019","2582.00","2583.00","2400.00","2483.25","3.47","330","819472","819472"
"31.5.2019","2400.00","2400.00","2400.00","2400.00","4.35","10","24000","24000"
"30.5.2019","2300.00","2300.00","2300.00","2300.00","-2.46","27","62100","62100"
"21.5.2019","2358.00","2358.00","2358.00","2358.00","2.97","42","99036","99036"
"20.5.2019","2290.00","2290.00","2290.00","2290.00","2.23","30","68700","68700"
"17.5.2019","2240.00","2240.00","2240.00","2240.00","0.68","125","280000","280000"
"15.5.2019","2240.00","2240.00","2206.00","2224.89","-0.64","45","100120","100120"
"14.5.2019","2239.00","2255.00","2210.00","2239.20","1.50","181","405295","405295"
"13.5.2019","2206.00","2206.00","2206.00","2206.00","-2.15","20","44120","44120"
"10.5.2019","2260.00","2260.00","2200.00","2254.55","-0.24","44","99200","99200"
"09.5.2019","2260.00","2260.00","2260.00","2260.00","-2.92","39","88140","88140"
"19.4.2019","2328.00","2328.00","2328.00","2328.00","-3.00","71","165288","165288"
"17.4.2019","2400.00","2400.00","2400.00","2400.00","-4.00","170","408000","408000"
"11.4.2019","2500.00","","","2500.00","0.00","0","0","9808175"
"10.4.2019","2500.00","2500.00","2500.00","2500.00","-1.96","112","280000","280000"
"09.4.2019","2550.00","2550.00","2550.00","2550.00","-3.72","20","51000","51000"
"15.3.2019","2668.00","2668.00","2619.00","2648.40","-1.90","25","66210","66210"
"27.2.2019","2700.00","2700.00","2699.00","2699.60","0.02","10","26996","26996"
"26.2.2019","2699.00","2699.00","2699.00","2699.00","0.48","33","89067","89067"
"22.2.2019","2661.00","2715.00","2661.00","2686.10","1.85","100","268610","268610"
"21.2.2019","2698.00","2698.00","2550.00","2637.28","0.65","283","746350","746350"
"20.2.2019","2653.00","2653.00","2430.00","2620.28","8.61","409","1071696","1071696"
"19.2.2019","2430.00","2430.00","2408.00","2412.53","3.16","170","410130","1606280"
"18.2.2019","2350.00","2350.00","2300.00","2338.64","2.49","140","327410","327410"
"15.2.2019","2281.00","2282.00","2281.00","2281.83","-0.01","197","449520","449520"
"14.2.2019","2282.00","2282.00","2282.00","2282.00","0.00","9","20538","20538"
"11.2.2019","2282.00","2282.00","2282.00","2282.00","-0.78","22","50204","50204"
"06.2.2019","2300.00","2300.00","2300.00","2300.00","-2.04","55","126500","126500"
"29.1.2019","2348.00","2348.00","2348.00","2348.00","2.98","14","32872","32872"
"25.1.2019","2280.00","2280.00","2280.00","2280.00","-2.98","14","31920","31920"
"14.1.2019","2350.00","2350.00","2350.00","2350.00","2.41","15","35250","35250"
"10.1.2019","2305.00","2350.00","2158.00","2294.70","7.23","517","1186358","1186358"
"25.12.2020","2890.00","2890.00","2890.00","2890.00","1.40","1000","2890000","2890000"
"22.12.2020","2850.00","2850.00","2850.00","2850.00","0.71","60","171000","171000"
"21.12.2020","2830.00","2830.00","2830.00","2830.00","0.00","8","22640","22640"
"18.12.2020","2830.00","2830.00","2830.00","2830.00","0.00","295","834850","834850"
"14.12.2020","2830.00","2830.00","2830.00","2830.00","0.00","179","506570","506570"
"11.12.2020","2830.00","2830.00","2830.00","2830.00","0.00","100","283000","283000"
"09.12.2020","2830.00","2830.00","2830.00","2830.00","0.00","119","336770","336770"
"04.12.2020","2830.00","2830.00","2830.00","2830.00","2.91","91","257530","257530"
"01.12.2020","2750.00","2750.00","2750.00","2750.00","0.00","10","27500","27500"
"25.11.2020","2750.00","2750.00","2750.00","2750.00","-2.98","5","13750","13750"
"24.11.2020","2850.00","2850.00","2830.00","2834.33","3.07","262","742594","2891434"
"18.11.2020","2750.00","2750.00","2750.00","2750.00","0.88","5","13750","13750"
"12.11.2020","2726.00","2726.00","2726.00","2726.00","-2.99","111","302586","302586"
"06.11.2020","2810.00","2810.00","2810.00","2810.00","-0.02","443","1244830","1244830"
"05.11.2020","2810.00","2812.00","2810.00","2810.46","0.02","138","387844","387844"
"04.11.2020","2810.00","2810.00","2810.00","2810.00","0.00","20","56200","56200"
"03.11.2020","2810.00","2810.00","2810.00","2810.00","0.00","50","140500","140500"
"27.10.2020","2810.00","2810.00","2810.00","2810.00","3.31","3","8430","8430"
"22.10.2020","2720.00","2720.00","2720.00","2720.00","-6.21","2","5440","5440"
"21.10.2020","2900.00","2900.00","2900.00","2900.00","1.55","9","26100","26100"
"16.10.2020","2860.00","2860.00","2850.00","2855.65","1.26","115","328400","328400"
"15.10.2020","2820.00","2820.00","2820.00","2820.00","0.03","130","366600","366600"
"13.10.2020","2820.00","2820.00","2800.00","2819.23","2.89","104","293200","293200"
"08.10.2020","2740.00","2740.00","2740.00","2740.00","-2.96","3","8220","8220"
"06.10.2020","2815.00","2899.00","2813.00","2823.72","-2.63","476","1344090","5003803"
"01.10.2020","2900.00","2900.00","2900.00","2900.00","-0.75","20","58000","58000"
"29.9.2020","2922.00","2922.00","2922.00","2922.00","5.64","10","29220","29220"
"28.9.2020","2766.00","2767.00","2766.00","2766.09","-2.51","535","1479860","1479860"
"24.9.2020","2838.00","2838.00","2837.00","2837.21","-0.45","107","303581","303581"
"22.9.2020","2850.00","2850.00","2850.00","2850.00","0.46","64","182400","182400"
"21.9.2020","2837.00","2837.00","2837.00","2837.00","2.99","550","1560350","1560350"
"18.9.2020","2833.00","2833.00","2700.00","2754.51","-0.06","174","479284","479284"
"17.9.2020","2713.00","2877.00","2710.00","2756.05","-1.34","133","366554","366554"
"16.9.2020","2901.00","2901.00","2701.00","2793.39","3.19","108","301686","301686"
"15.9.2020","2700.00","2972.00","2700.00","2706.94","0.11","87","235504","235504"
"14.9.2020","2750.00","2750.00","2700.00","2704.06","0.06","283","765250","765250"
"11.9.2020","2750.00","2750.00","2700.00","2702.38","-0.09","42","113500","113500"
"09.9.2020","2750.00","2750.00","2700.00","2704.76","0.18","105","284000","284000"
"07.9.2020","2700.00","2700.00","2700.00","2700.00","3.85","5","13500","13500"
"04.9.2020","2600.00","2600.00","2600.00","2600.00","-0.04","40","104000","104000"
"03.9.2020","2601.00","2601.00","2601.00","2601.00","1.96","60","156060","156060"
"27.8.2020","2551.00","2551.00","2551.00","2551.00","0.04","20","51020","51020"
"24.8.2020","2550.00","2550.00","2550.00","2550.00","-1.59","3","7650","7650"
"21.8.2020","2410.00","2657.00","2410.00","2591.13","0.43","15","38867","38867"
"17.8.2020","2580.00","2580.00","2580.00","2580.00","-1.75","2","5160","5160"
"13.8.2020","2626.00","2626.00","2626.00","2626.00","-2.99","2","5252","5252"
"11.8.2020","2707.00","2707.00","2707.00","2707.00","0.00","77","208439","208439"
"07.8.2020","2707.00","2707.00","2707.00","2707.00","6.12","33","89331","89331"
"05.8.2020","2551.00","2551.00","2551.00","2551.00","-1.92","100","255100","255100"
"31.7.2020","2601.00","2601.00","2601.00","2601.00","-4.69","5","13005","13005"
"30.7.2020","2729.00","2729.00","2729.00","2729.00","1.93","33","90057","90057"
"29.7.2020","2678.00","2678.00","2650.00","2677.33","2.97","629","1684042","1684042"
"28.7.2020","2600.00","2600.00","2600.00","2600.00","-1.89","10","26000","26000"
"22.7.2020","2650.00","2650.00","2650.00","2650.00","1.91","10","26500","26500"
"14.7.2020","2600.00","2601.00","2600.00","2600.33","0.01","300","780100","780100"
"13.7.2020","2600.00","2600.00","2600.00","2600.00","8.29","1025","2665000","2665000"
"10.7.2020","2401.00","2401.00","2401.00","2401.00","-7.30","10","24010","24010"
"08.7.2020","2590.00","2590.00","2590.00","2590.00","-0.38","105","271950","271950"
"06.7.2020","2600.00","2600.00","2600.00","2600.00","-0.02","130","338000","338000"
"25.6.2020","2600.00","2601.00","2600.00","2600.62","-3.61","130","338080","338080"
"24.6.2020","2698.00","2698.00","2698.00","2698.00","7.92","5","13490","13490"
"22.6.2020","2500.00","2500.00","2500.00","2500.00","-6.82","27","67500","67500"
"17.6.2020","2683.00","2683.00","2683.00","2683.00","-2.97","50","134150","134150"
"29.5.2020","2765.00","2765.00","2765.00","2765.00","-2.98","50","138250","138250"
"27.5.2020","2850.00","2850.00","2850.00","2850.00","-4.94","250","712500","712500"
"22.5.2020","2998.00","2998.00","2998.00","2998.00","3.69","2","5996","5996"
"13.5.2020","2887.00","2900.00","2887.00","2891.23","-2.85","43","124323","124323"
"05.5.2020","2999.00","2999.00","2900.00","2976.15","0.96","26","77380","77380"
"04.5.2020","2935.00","3000.00","2935.00","2947.90","-2.55","252","742870","742870"
"29.4.2020","3025.00","3025.00","3025.00","3025.00","0.00","57","172425","172425"
"27.4.2020","3025.00","3025.00","3025.00","3025.00","2.89","33","99825","99825"
"24.4.2020","2940.00","2940.00","2940.00","2940.00","0.00","8","23520","23520"
"23.4.2020","2940.00","2940.00","2940.00","2940.00","2.80","8","23520","23520"
"21.4.2020","2860.00","2860.00","2860.00","2860.00","3.74","2","5720","5720"
"16.4.2020","2757.00","2757.00","2757.00","2757.00","6.04","4","11028","11028"
"15.4.2020","2600.00","2600.00","2600.00","2600.00","-2.89","16","41600","41600"
"10.4.2020","2729.00","2729.00","2650.00","2677.49","1.04","175","468560","468560"
"09.4.2020","2650.00","2650.00","2650.00","2650.00","9.96","10","26500","26500"
"07.4.2020","2450.00","2450.00","2400.00","2409.97","0.65","386","930250","930250"
"06.4.2020","2400.00","2400.00","2385.00","2394.37","0.53","260","622535","622535"
"03.4.2020","2400.00","2400.00","2345.00","2381.67","8.93","300","714500","714500"
"01.4.2020","2153.00","2231.00","2153.00","2186.43","-4.94","70","153050","153050"
"30.3.2020","2300.00","2300.00","2300.00","2300.00","9.52","10","23000","23000"
"26.3.2020","2100.00","2100.00","2100.00","2100.00","-9.09","100","210000","210000"
"24.3.2020","2310.00","2310.00","2310.00","2310.00","5.00","300","693000","693000"
"23.3.2020","2200.00","2200.00","2200.00","2200.00","-4.16","380","836000","836000"
"20.3.2020","2260.00","2300.00","2260.00","2295.56","2.04","90","206600","206600"
"19.3.2020","2257.00","2257.00","2201.00","2249.67","-2.89","742","1669254","1669254"
"18.3.2020","2323.00","2323.00","2288.00","2316.58","-3.78","385","891885","891885"
"17.3.2020","2405.00","2410.00","2405.00","2407.50","-4.86","200","481500","481500"
"16.3.2020","2432.00","2622.00","2432.00","2530.59","-6.32","417","1055257","1055257"
"12.3.2020","2700.00","2702.00","2700.00","2701.22","-9.66","276","745538","745538"
"11.3.2020","2990.00","2990.00","2990.00","2990.00","3.00","48","143520","143520"
"10.3.2020","2903.00","2903.00","2903.00","2903.00","-9.76","5","14515","48073680"
"05.3.2020","3250.00","3296.00","3000.00","3216.91","7.23","2962","9528476","15252476"
"04.3.2020","3000.00","3000.00","3000.00","3000.00","0.06","841","2523000","2523000"
"03.3.2020","3000.00","3000.00","2901.00","2998.31","-0.06","176","527703","527703"
"02.3.2020","3000.00","3000.00","3000.00","3000.00","1.35","208","624000","624000"
"25.2.2020","2960.00","2960.00","2960.00","2960.00","-2.20","17","50320","50320"
"21.2.2020","3141.00","3141.00","3001.00","3026.72","0.89","83","251218","251218"
"20.2.2020","3000.00","3000.00","3000.00","3000.00","0.00","182","546000","546000"
"18.2.2020","3000.00","3000.00","3000.00","3000.00","0.00","100","300000","300000"
"17.2.2020","3000.00","3000.00","3000.00","3000.00","0.00","80","240000","240000"
"14.2.2020","3000.00","3000.00","3000.00","3000.00","-1.64","43","129000","129000"
"13.2.2020","3050.00","3050.00","3050.00","3050.00","0.00","100","305000","305000"
"12.2.2020","3050.00","3050.00","3050.00","3050.00","0.00","450","1372500","1372500"
"11.2.2020","3050.00","3050.00","3050.00","3050.00","0.00","50","152500","152500"
"10.2.2020","3050.00","3050.00","3050.00","3050.00","-0.04","50","152500","152500"
"07.2.2020","3050.00","3052.00","3050.00","3051.30","-0.04","142","433284","433284"
"05.2.2020","3052.00","3053.00","3052.00","3052.65","-1.53","23","70211","70211"
"04.2.2020","3100.00","3100.00","3100.00","3100.00","-0.13","10","31000","31000"
"03.2.2020","3104.00","3104.00","3104.00","3104.00","-2.98","110","341440","341440"
"23.1.2020","3190.00","3200.00","3000.00","3199.25","-0.02","374","1196520","1196520"
"21.1.2020","3200.00","3200.00","3200.00","3200.00","0.00","255","816000","816000"
"17.1.2020","3200.00","3200.00","3200.00","3200.00","2.17","268","857600","857600"
"16.1.2020","3150.00","3150.00","3105.00","3132.02","-2.12","538","1685025","1685025"
"14.1.2020","3200.00","3200.00","3200.00","3200.00","0.47","122","390400","390400"
"13.1.2020","3250.00","3250.00","3170.00","3184.96","0.49","123","391750","391750"
"09.1.2020","3179.00","3179.00","3150.00","3169.32","0.61","220","697250","697250"
"08.1.2020","3150.00","3150.00","3150.00","3150.00","0.00","33","103950","103950"
"02.1.2020","3150.00","3150.00","3150.00","3150.00","1.61","20","63000","63000"
"30.12.2021","3100.00","3100.00","3100.00","3100.00","-3.12","29","89900","89900"
"28.12.2021","3200.00","3200.00","3200.00","3200.00","3.09","47","150400","150400"
"24.12.2021","3104.00","3104.00","3104.00","3104.00","-3.00","3","9312","9312"
"22.12.2021","3200.00","3200.00","3200.00","3200.00","-3.03","22","70400","70400"
"07.12.2021","3300.00","3300.00","3300.00","3300.00","-2.80","75","247500","247500"
"30.11.2021","3395.00","3395.00","3395.00","3395.00","-3.00","45","152775","152775"
"23.11.2021","3500.00","3500.00","3500.00","3500.00","-5.38","28","98000","98000"
"04.11.2021","3699.00","3699.00","3699.00","3699.00","5.98","10","36990","36990"
"03.11.2021","3500.00","3500.00","3450.00","3490.32","0.01","63","219890","219890"
"01.11.2021","3490.00","","","3490.00","0.00","0","0","3594000"
"28.10.2021","3490.00","3490.00","3490.00","3490.00","8.85","10","34900","34900"
"27.10.2021","3422.00","3422.00","3150.00","3206.13","3.03","63","201986","201986"
"22.10.2021","3200.00","3200.00","3070.00","3111.72","3.72","634","1972830","1972830"
"13.10.2021","3000.00","3000.00","3000.00","3000.00","0.00","10","30000","30000"
"12.10.2021","3000.00","3000.00","3000.00","3000.00","0.00","30","90000","90000"
"06.10.2021","3000.00","3000.00","3000.00","3000.00","0.00","100","300000","300000"
"05.10.2021","3000.00","3000.00","3000.00","3000.00","0.00","100","300000","300000"
"01.10.2021","3000.00","3000.00","3000.00","3000.00","0.00","50","150000","150000"
"30.9.2021","3000.00","3000.00","3000.00","3000.00","0.10","133","399000","399000"
"28.9.2021","3000.00","3000.00","2950.00","2997.08","1.65","102","305702","305702"
"24.9.2021","2949.00","2950.00","2900.00","2948.56","-0.05","242","713552","713552"
"21.9.2021","2950.00","2950.00","2950.00","2950.00","0.38","368","1085600","1085600"
"20.9.2021","2900.00","2950.00","2900.00","2938.89","-0.38","90","264500","264500"
"15.9.2021","2950.00","2950.00","2950.00","2950.00","-1.67","4","11800","11800"
"14.9.2021","3000.00","3000.00","3000.00","3000.00","0.00","87","261000","261000"
"13.9.2021","3000.00","3000.00","3000.00","3000.00","0.00","345","1035000","1035000"
"10.9.2021","3000.00","3000.00","3000.00","3000.00","0.00","102","306000","306000"
"09.9.2021","3000.00","3000.00","3000.00","3000.00","0.00","145","435000","435000"
"07.9.2021","3000.00","3000.00","3000.00","3000.00","0.00","333","999000","999000"
"06.9.2021","3000.00","3001.00","3000.00","3000.07","-0.33","471","1413033","1413033"
"03.9.2021","3010.00","3010.00","3010.00","3010.00","0.33","243","731430","731430"
"02.9.2021","3000.00","3000.00","3000.00","3000.00","0.00","50","150000","150000"
"30.8.2021","3000.00","3000.00","3000.00","3000.00","-0.17","6","18000","18000"
"27.8.2021","3000.00","3010.00","3000.00","3005.00","-1.46","20","60100","60100"
"25.8.2021","3050.00","3050.00","3049.00","3049.66","3.38","146","445250","445250"
"24.8.2021","2950.00","2950.00","2950.00","2950.00","-1.67","100","295000","295000"
"20.8.2021","3000.00","3000.00","3000.00","3000.00","-1.64","7","21000","21000"
"18.8.2021","3050.00","3050.00","3050.00","3050.00","0.00","96","292800","292800"
"11.8.2021","3050.00","3050.00","3050.00","3050.00","-1.61","10","30500","30500"
"10.8.2021","3100.00","3100.00","3100.00","3100.00","-1.59","30","93000","93000"
"04.8.2021","3150.00","3150.00","3150.00","3150.00","0.54","10","31500","31500"
"30.7.2021","3170.00","3170.00","3056.00","3132.93","-0.54","30","93988","93988"
"12.7.2021","3150.00","3150.00","3149.00","3149.87","0.00","55","173243","173243"
"30.6.2021","3150.00","3150.00","3150.00","3150.00","2.97","12","37800","37800"
"29.6.2021","3059.00","3059.00","3059.00","3059.00","-0.03","131","400729","400729"
"28.6.2021","3060.00","3060.00","3060.00","3060.00","0.00","50","153000","153000"
"24.6.2021","3060.00","3060.00","3060.00","3060.00","-2.86","30","91800","91800"
"22.6.2021","3150.00","3150.00","3150.00","3150.00","-1.53","38","119700","119700"
"08.6.2021","3199.00","3199.00","3199.00","3199.00","0.00","20","63980","63980"
"07.6.2021","3199.00","3199.00","3199.00","3199.00","0.00","10","31990","31990"
"04.6.2021","3199.00","3199.00","3199.00","3199.00","0.00","100","319900","319900"
"03.6.2021","3199.00","3199.00","3199.00","3199.00","3.62","100","319900","319900"
"02.6.2021","3100.00","3100.00","3020.00","3087.27","2.23","44","135840","135840"
"01.6.2021","3020.00","3020.00","3020.00","3020.00","0.17","670","2023400","2023400"
"31.5.2021","3015.00","3015.00","3015.00","3015.00","0.17","1040","3135600","3135600"
"28.5.2021","3010.00","3010.00","3010.00","3010.00","-2.90","1223","3681230","3681230"
"26.5.2021","3100.00","3100.00","3100.00","3100.00","2.96","30","93000","93000"
"25.5.2021","3011.00","3011.00","3011.00","3011.00","0.00","10","30110","30110"
"20.5.2021","3011.00","3011.00","3011.00","3011.00","0.03","10","30110","30110"
"11.5.2021","3010.00","3010.00","3010.00","3010.00","-5.79","1","3010","3010"
"10.5.2021","3195.00","3195.00","3195.00","3195.00","4.93","162","517590","517590"
"06.5.2021","3045.00","3045.00","3045.00","3045.00","0.00","40","121800","121800"
"05.5.2021","3045.00","3045.00","3045.00","3045.00","0.00","104","316680","316680"
"26.4.2021","3045.00","3045.00","3045.00","3045.00","0.00","30","91350","91350"
"22.4.2021","3045.00","3045.00","3045.00","3045.00","0.00","1009","3072405","3072405"
"21.4.2021","3045.00","3045.00","3045.00","3045.00","1.47","100","304500","304500"
"19.4.2021","3001.00","3001.00","3001.00","3001.00","-0.24","363","1089363","1089363"
"16.4.2021","3000.00","3045.00","3000.00","3008.32","-1.20","319","959655","959655"
"14.4.2021","3045.00","3045.00","3045.00","3045.00","-2.97","3","9135","9135"
"13.4.2021","3150.00","3150.00","3100.00","3138.29","-1.08","427","1340050","1340050"
"09.4.2021","3125.00","3220.00","3125.00","3172.50","-1.51","200","634500","634500"
"01.4.2021","3221.00","3221.00","3221.00","3221.00","7.87","5","16105","16105"
"31.3.2021","2986.00","2986.00","2986.00","2986.00","2.97","15","44790","44790"
"26.3.2021","2900.00","2900.00","2899.00","2899.87","0.00","115","333485","333485"
"25.3.2021","2900.00","2900.00","2900.00","2900.00","-6.48","70","203000","2492160"
"24.3.2021","3101.00","3101.00","3101.00","3101.00","-9.99","10","31010","31010"
"15.3.2021","3445.00","","","3445.00","0.00","0","0","15236000"
"03.3.2021","3445.00","3445.00","3445.00","3445.00","2.96","10","34450","34450"
"02.3.2021","3440.00","3440.00","3300.00","3346.00","1.64","50","167300","167300"
"01.3.2021","3300.00","3300.00","3276.00","3292.00","-4.57","15","49380","49380"
"25.2.2021","3400.00","3499.00","3400.00","3449.50","-5.21","200","689900","689900"
"19.2.2021","3639.00","3639.00","3639.00","3639.00","-0.30","1000","3639000","3639000"
"18.2.2021","3650.00","3650.00","3650.00","3650.00","-7.59","100","365000","3975800"
"17.2.2021","3950.00","3950.00","3950.00","3950.00","9.60","2","7900","7900"
"16.2.2021","3580.00","3630.00","3302.00","3604.03","9.21","1340","4829400","6862200"
"15.2.2021","3300.00","3300.00","3300.00","3300.00","10.00","810","2673000","2673000"
"12.2.2021","3000.00","3000.00","3000.00","3000.00","2.64","20","60000","60000"
"10.2.2021","2985.00","2985.00","2901.00","2922.71","2.52","42","122754","122754"
"09.2.2021","2851.00","2851.00","2851.00","2851.00","-1.68","1","2851","2851"
"04.2.2021","2900.00","2900.00","2899.00","2899.85","-0.01","123","356682","356682"
"03.2.2021","2900.00","2900.00","2900.00","2900.00","0.00","261","756900","756900"
"01.2.2021","2900.00","2900.00","2900.00","2900.00","0.00","10","29000","29000"
"28.1.2021","2900.00","2900.00","2900.00","2900.00","1.75","30","87000","87000"
"27.1.2021","2850.00","2850.00","2850.00","2850.00","-1.66","15","42750","42750"
"26.1.2021","2850.00","2985.00","2850.00","2898.17","-0.04","41","118825","118825"
"21.1.2021","2900.00","2900.00","2800.00","2899.37","5.43","1576","4569400","4569400"
"20.1.2021","2750.00","2750.00","2750.00","2750.00","-4.84","6","16500","16500"
"15.1.2021","2890.00","2890.00","2890.00","2890.00","0.00","21","60690","60690"
"27.12.2022","2430.00","2430.00","2430.00","2430.00","0.00","10","24300","24300"
"15.12.2022","2430.00","2430.00","2430.00","2430.00","2.97","119","289170","289170"
"31.10.2022","2360.00","2360.00","2360.00","2360.00","-2.88","30","70800","70800"
"12.10.2022","2430.00","2430.00","2430.00","2430.00","-9.97","14","34020","34020"
"13.9.2022","2699.00","2699.00","2699.00","2699.00","-0.04","105","283395","283395"
"30.8.2022","2700.00","2700.00","2700.00","2700.00","0.00","20","54000","54000"
"23.8.2022","2700.00","2700.00","2700.00","2700.00","0.00","117","315900","315900"
"18.8.2022","2700.00","2700.00","2700.00","2700.00","0.00","74","199800","199800"
"09.8.2022","2700.00","2700.00","2700.00","2700.00","0.00","18","48600","48600"
"04.8.2022","2700.00","2700.00","2700.00","2700.00","-0.77","20","54000","54000"
"03.8.2022","2721.00","2721.00","2721.00","2721.00","0.04","33","89793","89793"
"20.7.2022","2720.00","2720.00","2720.00","2720.00","-2.86","6","16320","16320"
"12.7.2022","2800.00","2800.00","2800.00","2800.00","0.00","50","140000","140000"
"07.7.2022","2800.00","2800.00","2800.00","2800.00","-0.07","40","112000","112000"
"04.7.2022","2820.00","2820.00","2800.00","2801.82","-6.60","55","154100","154100"
"16.6.2022","3000.00","3000.00","2999.00","2999.33","-0.03","21","62986","62986"
"06.6.2022","3000.00","3000.00","3000.00","3000.00","0.00","30","90000","90000"
"31.5.2022","3000.00","3000.00","3000.00","3000.00","0.00","19","57000","57000"
"25.5.2022","3000.00","3000.00","3000.00","3000.00","0.00","110","330000","5331120"
"23.5.2022","3000.00","3000.00","3000.00","3000.00","0.00","50","150000","150000"
"20.5.2022","3000.00","3000.00","3000.00","3000.00","1.35","100","300000","9403500"
"19.5.2022","2960.00","2960.00","2960.00","2960.00","-1.30","20","59200","59200"
"18.5.2022","3000.00","3000.00","2999.00","2999.08","-0.13","65","194940","194940"
"09.5.2022","3000.00","3005.00","3000.00","3003.12","-1.70","80","240250","240250"
"06.5.2022","3055.00","3055.00","3055.00","3055.00","-2.99","154","470470","470470"
"05.5.2022","3149.00","","","3149.00","0.00","0","0","15100865"
"04.5.2022","3149.00","3149.00","3149.00","3149.00","-4.34","30","94470","94470"
"28.4.2022","3298.00","3299.00","3100.00","3291.62","7.23","3105","10220495","10220495"
"26.4.2022","3070.00","3070.00","3070.00","3070.00","0.00","76","233320","233320"
"21.4.2022","3070.00","3070.00","3070.00","3070.00","0.49","97","297790","297790"
"20.4.2022","3055.00","3055.00","3055.00","3055.00","0.00","80","244400","244400"
"18.4.2022","3055.00","3055.00","3055.00","3055.00","-1.45","50","152750","152750"
"14.4.2022","3100.00","3100.00","3100.00","3100.00","0.00","10","31000","31000"
"08.4.2022","3100.00","3100.00","3100.00","3100.00","0.00","70","217000","217000"
"07.4.2022","3100.00","3100.00","3100.00","3100.00","1.64","90","279000","279000"
"28.3.2022","3050.00","3050.00","3050.00","3050.00","0.00","170","518500","518500"
"25.3.2022","3050.00","3050.00","3050.00","3050.00","0.28","24","73200","73200"
"23.3.2022","3008.00","3050.00","3008.00","3041.60","1.39","50","152080","152080"
"21.3.2022","3000.00","3000.00","3000.00","3000.00","2.35","20","60000","60000"
"11.3.2022","2931.00","2931.00","2931.00","2931.00","-9.82","6","17586","17586"
"04.3.2022","3250.00","3250.00","3250.00","3250.00","8.09","8","26000","26000"
"24.2.2022","2970.00","3150.00","2970.00","3006.73","-8.89","196","589320","589320"
"23.2.2022","3300.00","3300.00","3300.00","3300.00","0.00","5","16500","16500"
"22.2.2022","3300.00","3300.00","3300.00","3300.00","2.93","7","23100","23100"
"18.2.2022","3244.00","","","3206.01","0.00","0","0","8820000"
"16.2.2022","3244.00","3244.00","3151.00","3206.01","1.78","71","227627","227627"
"14.2.2022","3150.00","3150.00","3150.00","3150.00","0.00","227","715050","715050"
"09.2.2022","3150.00","3150.00","3150.00","3150.00","-2.60","100","315000","315000"
"04.2.2022","3234.00","3234.00","3234.00","3234.00","-2.97","650","2102100","2102100"
"03.2.2022","3399.00","3399.00","3300.00","3333.00","6.28","90","299970","15839970"
"02.2.2022","3120.00","3190.00","3120.00","3136.15","4.19","130","407700","407700"
"31.1.2022","3010.00","3010.00","3010.00","3010.00","-2.87","5","15050","15050"
"27.1.2022","3099.00","3099.00","3099.00","3099.00","2.97","335","1038165","1038165"
"25.1.2022","3011.00","3011.00","3007.00","3009.59","-2.92","694","2088654","2088654"
"24.1.2022","3100.00","3100.00","3100.00","3100.00","0.00","129","399900","399900"
"18.1.2022","3100.00","3100.00","3100.00","3100.00","-0.32","6","18600","18600"
"17.1.2022","3110.00","3110.00","3110.00","3110.00","0.32","91","283010","283010"
"12.1.2022","3100.00","3100.00","3100.00","3100.00","0.00","3","9300","9300"
"11.1.2022","3100.00","3100.00","3100.00","3100.00","0.00","17","52700","52700"
"10.1.2022","3100.00","3100.00","3100.00","3100.00","0.00","15","46500","46500"
"05.1.2022","3100.00","3100.00","3100.00","3100.00","0.00","30","93000","93000"
"15.12.2023","2400.00","2400.00","2400.00","2400.00","0.80","13","31200","31200"
"11.12.2023","2381.00","2381.00","2381.00","2381.00","0.42","65","154765","154765"
"28.11.2023","2371.00","2371.00","2371.00","2371.00","-2.23","20","47420","4180570"
"21.11.2023","2425.00","2425.00","2425.00","2425.00","-3.00","50","121250","121250"
"10.11.2023","2500.00","2500.00","2500.00","2500.00","-3.85","28","70000","70000"
"08.11.2023","2600.00","2600.00","2600.00","2600.00","-0.76","3","7800","7800"
"03.11.2023","2620.00","2620.00","2620.00","2620.00","-2.93","20","52400","52400"
"27.10.2023","2699.00","2699.00","2699.00","2699.00","-5.79","30","80970","80970"
"20.10.2023","2865.00","2865.00","2865.00","2865.00","0.00","62","177630","177630"
"19.10.2023","2865.00","2865.00","2865.00","2865.00","0.00","30","85950","85950"
"17.10.2023","2865.00","2865.00","2865.00","2865.00","0.00","50","143250","143250"
"10.10.2023","2865.00","2865.00","2865.00","2865.00","2.98","5","14325","14325"
"05.10.2023","2782.00","2782.00","2782.00","2782.00","0.00","51","141882","141882"
"03.10.2023","2782.00","2782.00","2782.00","2782.00","3.00","100","278200","278200"
"28.9.2023","2701.00","2701.00","2701.00","2701.00","12.54","59","159359","159359"
"27.9.2023","2400.00","","","2400.00","0.00","0","0","26756600"
"22.9.2023","2400.00","2400.00","2400.00","2400.00","0.00","420","1008000","1008000"
"21.9.2023","2400.00","2400.00","2400.00","2400.00","0.00","488","1171200","1171200"
"20.9.2023","2400.00","2400.00","2400.00","2400.00","0.00","798","1915200","1915200"
"19.9.2023","2400.00","2400.00","2400.00","2400.00","0.00","235","564000","564000"
"22.8.2023","2400.00","2400.00","2400.00","2400.00","0.00","16","38400","38400"
"07.8.2023","2400.00","","","2400.00","0.00","0","0","37420500"
"07.7.2023","2400.00","2400.00","2400.00","2400.00","0.00","26","62400","62400"
"04.7.2023","2400.00","2400.00","2400.00","2400.00","0.42","100","240000","240000"
"27.6.2023","2390.00","2390.00","2390.00","2390.00","-0.42","46","109940","109940"
"22.6.2023","2400.00","2400.00","2400.00","2400.00","0.00","30","72000","72000"
"13.6.2023","2400.00","2400.00","2400.00","2400.00","0.00","154","369600","369600"
"12.6.2023","2400.00","2400.00","2400.00","2400.00","0.00","60","144000","144000"
"08.6.2023","2400.00","2400.00","2400.00","2400.00","0.00","6","14400","14400"
"07.6.2023","2400.00","2400.00","2400.00","2400.00","0.00","6","14400","14400"
"06.6.2023","2400.00","2400.00","2400.00","2400.00","0.00","20","48000","48000"
"29.5.2023","2400.00","2400.00","2400.00","2400.00","0.00","3","7200","7200"
"25.5.2023","2400.00","2400.00","2400.00","2400.00","-7.69","1","2400","2400"
"17.5.2023","2600.00","2600.00","2600.00","2600.00","0.00","211","548600","548600"
"05.5.2023","2600.00","2600.00","2600.00","2600.00","0.00","108","280800","280800"
"26.4.2023","2600.00","2600.00","2600.00","2600.00","0.00","110","286000","286000"
"05.4.2023","2600.00","2600.00","2600.00","2600.00","0.00","25","65000","65000"
"03.4.2023","2600.00","2600.00","2600.00","2600.00","0.00","17","44200","44200"
"23.3.2023","2600.00","2600.00","2600.00","2600.00","2.36","52","135200","135200"
"16.3.2023","2540.00","2540.00","2540.00","2540.00","-2.31","5","12700","12700"
"14.3.2023","2600.00","2600.00","2600.00","2600.00","1.17","195","507000","507000"
"13.3.2023","2570.00","2570.00","2570.00","2570.00","-1.15","134","344380","344380"
"09.3.2023","2600.00","2600.00","2600.00","2600.00","2.12","605","1573000","1573000"
"08.3.2023","2560.00","2560.00","2539.00","2545.93","1.84","988","2515376","2515376"
"06.3.2023","2500.00","2500.00","2500.00","2500.00","-1.92","21","52500","52500"
"01.3.2023","2549.00","","","2549.00","0.00","0","0","2600000"
"28.2.2023","2549.00","2549.00","2549.00","2549.00","-0.04","20","50980","14743073"
"13.2.2023","2550.00","2550.00","2550.00","2550.00","0.00","9","22950","22950"
"10.2.2023","2550.00","2550.00","2550.00","2550.00","4.08","6","15300","15300"
"09.2.2023","2450.00","2450.00","2450.00","2450.00","0.82","100","245000","245000"
"31.1.2023","2430.00","2430.00","2430.00","2430.00","0.00","26","63180","63180"
"27.1.2023","2430.00","2430.00","2430.00","2430.00","0.00","9485","23048550","23048550"
"05.1.2023","2430.00","2430.00","2430.00","2430.00","0.00","32","77760","77760"
"27.12.2024","3000.00","3000.00","3000.00","3000.00","0.00","30","90000","90000"
"26.12.2024","3000.00","3000.00","3000.00","3000.00","-0.03","40","120000","120000"
"25.12.2024","3001.00","3001.00","3001.00","3001.00","0.03","32","96032","96032"
"19.12.2024","3000.00","3000.00","3000.00","3000.00","0.00","17","51000","51000"
"10.12.2024","3000.00","3000.00","3000.00","3000.00","-9.09","24","72000","72000"
"04.12.2024","3300.00","3300.00","3300.00","3300.00","0.00","456","1504800","1504800"
"19.11.2024","3300.00","3300.00","3300.00","3300.00","0.00","30","99000","99000"
"18.11.2024","3300.00","3300.00","3300.00","3300.00","0.00","70","231000","231000"
"15.11.2024","3300.00","3300.00","3300.00","3300.00","0.00","1724","5689200","7999200"
"14.11.2024","3300.00","","","3300.00","0.00","0","0","2280300"
"13.11.2024","3300.00","","","3300.00","0.00","0","0","2656500"
"11.11.2024","3300.00","3300.00","3300.00","3300.00","0.00","385","1270500","1270500"
"31.10.2024","3300.00","3300.00","3300.00","3300.00","1.51","836","2758800","2758800"
"28.10.2024","3300.00","3300.00","3250.00","3251.03","1.59","242","786750","41300850"
"24.10.2024","3200.00","3200.00","3200.00","3200.00","0.00","150","480000","480000"
"22.10.2024","3200.00","3200.00","3200.00","3200.00","0.00","90","288000","288000"
"18.10.2024","3200.00","3200.00","3200.00","3200.00","0.00","111","355200","355200"
"16.10.2024","3200.00","3200.00","3200.00","3200.00","0.00","504","1612800","1612800"
"15.10.2024","3200.00","","","3200.00","0.00","0","0","48136760"
"14.10.2024","3200.00","3200.00","3200.00","3200.00","-1.52","540","1728000","1728000"
"10.10.2024","3250.00","3250.00","3220.00","3249.45","1.52","219","711630","29895930"
"09.10.2024","3201.00","3201.00","3200.00","3200.78","0.02","654","2093308","2093308"
"08.10.2024","3200.00","3200.00","3200.00","3200.00","0.00","156","499200","499200"
"07.10.2024","3199.00","3200.00","3199.00","3199.87","0.00","1145","3663847","3663847"
"04.10.2024","3200.00","3200.00","3200.00","3200.00","0.00","9408","30105600","30105600"
"02.10.2024","3200.00","3200.00","3200.00","3200.00","0.00","352","1126400","1126400"
"01.10.2024","3200.00","3200.00","3200.00","3200.00","0.00","100","320000","320000"
"23.9.2024","3220.00","3220.00","3200.00","3200.05","-0.93","432","1382420","1382420"
"20.9.2024","3230.00","3230.00","3230.00","3230.00","-0.57","70","226100","226100"
"19.9.2024","3250.00","3250.00","3200.00","3248.61","1.49","3614","11740480","16862480"
"18.9.2024","3201.00","3201.00","3200.00","3200.83","0.03","90","288075","288075"
"17.9.2024","3200.00","3200.00","3200.00","3200.00","0.00","15","48000","48000"
"16.9.2024","3200.00","3200.00","3200.00","3200.00","0.00","1167","3734400","9294752"
"13.9.2024","3200.00","3201.00","3200.00","3200.05","0.00","1344","4300862","4300862"
"12.9.2024","3200.00","3200.00","3199.00","3199.97","6.12","3839","12284683","12284683"
"11.9.2024","3015.00","3016.00","3015.00","3015.55","0.02","40","120622","120622"
"10.9.2024","3015.00","3015.00","3015.00","3015.00","-7.55","17","51255","51255"
"03.9.2024","3250.00","","","3261.05","0.00","0","0","3200000"
"29.8.2024","3250.00","3270.00","3250.00","3261.05","0.52","324","1056580","1056580"
"27.8.2024","3275.00","3298.00","3199.00","3244.20","1.30","3016","9784516","9784516"
"23.8.2024","3210.00","3210.00","3150.00","3202.64","0.08","1849","5921677","5921677"
"19.8.2024","3200.00","3200.00","3200.00","3200.00","0.31","51","163200","163200"
"16.8.2024","3190.00","3190.00","3190.00","3190.00","-4.77","30","95700","95700"
"14.8.2024","3341.00","3350.00","3341.00","3349.73","-9.76","134","448864","448864"
"08.8.2024","3700.00","4000.00","3699.00","3712.20","0.35","660","2450052","2450052"
"07.8.2024","3700.00","3700.00","3697.00","3699.12","9.02","89","329222","329222"
"06.8.2024","3393.00","3393.00","3393.00","3393.00","1.28","65","220545","220545"
"05.8.2024","3350.00","3350.00","3350.00","3350.00","1.69","4","13400","13400"
"01.8.2024","3300.00","3300.00","3290.00","3294.26","6.94","47","154830","154830"
"31.7.2024","3010.00","3100.00","3010.00","3080.43","-0.63","128","394295","394295"
"30.7.2024","3100.00","3100.00","3100.00","3100.00","0.00","10","31000","31000"
"18.7.2024","3100.00","3100.00","3100.00","3100.00","0.00","5","15500","15500"
"15.7.2024","3100.00","3100.00","3100.00","3100.00","0.00","117","362700","362700"
"10.7.2024","3100.00","3100.00","3100.00","3100.00","-0.03","35","108500","108500"
"04.7.2024","3101.00","3101.00","3101.00","3101.00","3.37","9","27909","27909"
"25.6.2024","3000.00","3000.00","3000.00","3000.00","-8.54","46","138000","138000"
"20.6.2024","3280.00","3280.00","3280.00","3280.00","0.00","35","114800","114800"
"19.6.2024","3280.00","3280.00","3280.00","3280.00","1.11","25","82000","82000"
"18.6.2024","3244.00","3244.00","3244.00","3244.00","2.98","1292","4191248","4191248"
"13.6.2024","3150.00","3150.00","3150.00","3150.00","0.20","44","138600","138600"
"12.6.2024","3150.00","3193.00","3100.00","3143.67","1.41","45","141465","141465"
"07.6.2024","3100.00","3100.00","3100.00","3100.00","0.00","10","31000","31000"
"06.6.2024","3100.00","3100.00","3100.00","3100.00","1.64","100","310000","310000"
"04.6.2024","3050.00","3050.00","3050.00","3050.00","1.67","50","152500","152500"
"31.5.2024","3000.00","3000.00","3000.00","3000.00","0.00","25","75000","75000"
"27.5.2024","3000.00","3000.00","3000.00","3000.00","0.00","50","150000","150000"
"22.5.2024","3000.00","3000.00","3000.00","3000.00","0.00","55","165000","165000"
"21.5.2024","3000.00","3000.00","2999.00","2999.91","0.00","114","341990","341990"
"13.5.2024","3000.00","3000.00","3000.00","3000.00","0.44","50","150000","150000"
"26.4.2024","2987.00","2987.00","2987.00","2987.00","3.00","9","26883","26883"
"17.4.2024","2900.00","2900.00","2900.00","2900.00","5.26","33","95700","95700"
"15.4.2024","2811.00","2811.00","2730.00","2755.21","0.92","33","90922","90922"
"12.4.2024","2730.00","2730.00","2730.00","2730.00","1.11","10","27300","27300"
"08.4.2024","2700.00","2700.00","2700.00","2700.00","0.04","70","189000","4541400"
"04.4.2024","2700.00","2700.00","2651.00","2698.84","7.78","212","572155","34214155"
"03.4.2024","2504.00","2504.00","2504.00","2504.00","-6.34","6","15024","15024"
"02.4.2024","2700.00","2700.00","2649.00","2673.42","1.00","76","203180","203180"
"27.3.2024","2647.00","2647.00","2647.00","2647.00","0.00","550","1455850","1455850"
"26.3.2024","2647.00","2647.00","2647.00","2647.00","3.00","7","18529","18529"
"21.3.2024","2570.00","","","2570.00","0.00","0","0","46326948"
"19.3.2024","2570.00","2570.00","2570.00","2570.00","-2.98","110","282700","282700"
"18.3.2024","2649.00","2649.00","2649.00","2649.00","9.87","10","26490","26490"
"07.3.2024","2411.00","2411.00","2411.00","2411.00","-5.45","16","38576","38576"
"01.3.2024","2550.00","2550.00","2550.00","2550.00","0.00","11","28050","28050"
"27.2.2024","2550.00","2550.00","2550.00","2550.00","-0.01","935","2384250","2384250"
"23.2.2024","2550.00","2600.00","2550.00","2550.33","0.01","3060","7804004","7804004"
"22.2.2024","2550.00","2550.00","2550.00","2550.00","0.00","2400","6120000","6120000"
"19.2.2024","2550.00","2550.00","2550.00","2550.00","0.24","520","1326000","1326000"
"16.2.2024","2513.00","2590.00","2513.00","2543.80","1.75","75","190785","190785"
"15.2.2024","2500.00","2500.00","2500.00","2500.00","0.00","934","2335000","2335000"
"14.2.2024","2500.00","2500.00","2500.00","2500.00","3.52","20","50000","50000"
"30.1.2024","2415.00","2415.00","2415.00","2415.00","0.33","15","36225","36225"
"29.1.2024","2407.00","2407.00","2407.00","2407.00","0.07","29","69803","69803"
"25.1.2024","2407.00","2407.00","2405.00","2405.36","0.01","55","132295","132295"
"22.1.2024","2405.00","2405.00","2405.00","2405.00","0.00","42","101010","101010"
"17.1.2024","2405.00","2405.00","2405.00","2405.00","0.21","20","48100","48100"
