"19.11.2014","700.00","700.00","700.00","700.00","-1.27","80","56000","56000"
"17.10.2014","709.00","709.00","709.00","709.00","1.29","45","31905","31905"
"16.10.2014","700.00","700.00","700.00","700.00","1.60","85","59500","59500"
"14.10.2014","689.00","689.00","689.00","689.00","2.99","35","24115","24115"
"13.10.2014","669.00","669.00","669.00","669.00","2.92","45","30105","30105"
"09.10.2014","650.00","650.00","650.00","650.00","3.17","100","65000","65000"
"08.10.2014","630.00","630.00","630.00","630.00","0.32","45","28350","28350"
"12.9.2014","628.00","628.00","628.00","628.00","2.95","80","50240","50240"
"05.9.2014","610.00","610.00","610.00","610.00","0.00","2","1220","1220"
"10.7.2014","610.00","610.00","610.00","610.00","0.00","105","64050","64050"
"08.7.2014","610.00","610.00","610.00","610.00","0.00","45","27450","27450"
"07.7.2014","610.00","610.00","610.00","610.00","-1.39","5","3050","3050"
"24.6.2014","611.00","640.00","611.00","618.57","-5.42","115","71135","71135"
"17.6.2014","654.00","654.00","654.00","654.00","-2.98","15","9810","9810"
"03.6.2014","640.00","690.00","640.00","674.09","-3.01","220","148300","22020828"
"29.5.2014","695.00","695.00","695.00","695.00","-0.71","100","69500","69500"
"07.5.2014","700.00","700.00","700.00","700.00","0.00","5","3500","3500"
"29.4.2014","700.00","700.00","700.00","700.00","0.00","57","39900","39900"
"10.4.2014","700.00","700.00","700.00","700.00","0.00","65","45500","45500"
"20.3.2014","700.00","700.00","700.00","700.00","0.00","51","35700","35700"
"19.3.2014","700.00","700.00","700.00","700.00","0.00","300","210000","210000"
"17.3.2014","700.00","700.00","700.00","700.00","0.63","75","52500","52500"
"06.3.2014","700.00","700.00","689.00","695.59","3.97","167","116163","116163"
"05.3.2014","669.00","669.00","669.00","669.00","2.92","75","50175","50175"
"13.2.2014","650.00","650.00","650.00","650.00","-7.01","86","55900","55900"
"11.2.2014","699.00","699.00","699.00","699.00","-0.14","69","48231","48231"
"04.2.2014","700.00","700.00","700.00","700.00","0.00","190","133000","133000"
"03.2.2014","700.00","700.00","700.00","700.00","0.00","50","35000","35000"
"30.1.2014","700.00","700.00","700.00","700.00","0.00","27","18900","18900"
"29.1.2014","700.00","700.00","700.00","700.00","6.41","50","35000","35000"
"08.1.2014","659.00","659.00","640.00","657.82","-0.33","2021","1329445","1329445"
"18.12.2015","580.00","580.00","580.00","580.00","2.29","738","428040","428040"
"17.12.2015","567.00","567.00","567.00","567.00","2.90","1200","680400","680400"
"16.12.2015","551.00","551.00","551.00","551.00","0.18","2100","1157100","1157100"
"15.12.2015","550.00","550.00","550.00","550.00","4.76","2450","1347500","1347500"
"11.12.2015","525.00","525.00","525.00","525.00","1.16","566","297150","297150"
"10.12.2015","519.00","519.00","519.00","519.00","0.00","1636","849084","849084"
"07.12.2015","519.00","519.00","519.00","519.00","-5.64","692","359148","359148"
"04.12.2015","550.00","550.00","550.00","550.00","0.00","41","22550","22550"
"03.12.2015","550.00","550.00","550.00","550.00","-8.18","320","176000","176000"
"25.11.2015","599.00","599.00","599.00","599.00","8.91","9","5391","5391"
"24.11.2015","550.00","550.00","550.00","550.00","0.00","80","44000","44000"
"19.11.2015","550.00","550.00","550.00","550.00","0.00","370","203500","203500"
"18.11.2015","550.00","550.00","550.00","550.00","0.00","16","8800","8800"
"17.11.2015","550.00","550.00","550.00","550.00","1.29","100","55000","55000"
"13.11.2015","543.00","543.00","543.00","543.00","19.87","35","19005","19005"
"11.11.2015","453.00","453.00","453.00","453.00","-13.88","145584","65949552","65949552"
"03.11.2015","526.00","526.00","526.00","526.00","4.57","240","126240","126240"
"30.10.2015","503.00","503.00","503.00","503.00","0.00","1115","560845","560845"
"26.10.2015","503.00","503.00","503.00","503.00","0.00","292","146876","146876"
"09.9.2015","503.00","503.00","503.00","503.00","-2.90","100","50300","50300"
"03.9.2015","518.00","518.00","518.00","518.00","2.78","55","28490","28490"
"30.7.2015","504.00","504.00","504.00","504.00","2.86","13","6552","6552"
"08.6.2015","490.00","490.00","490.00","490.00","0.00","44","21560","21560"
"05.6.2015","490.00","","","490.00","0.00","0","0","14122240"
"11.5.2015","490.00","490.00","490.00","490.00","0.00","35","17150","17150"
"07.5.2015","490.00","490.00","490.00","490.00","4.03","1118","547820","547820"
"16.4.2015","471.00","471.00","471.00","471.00","0.00","59","27789","27789"
"08.4.2015","471.00","471.00","471.00","471.00","-2.89","95","44745","44745"
"03.4.2015","485.00","485.00","485.00","485.00","0.00","344","166840","166840"
"25.3.2015","485.00","485.00","485.00","485.00","-14.16","57","27645","27645"
"24.3.2015","565.00","565.00","565.00","565.00","0.00","91","51415","51415"
"20.3.2015","565.00","565.00","565.00","565.00","0.00","55","31075","31075"
"18.3.2015","565.00","565.00","565.00","565.00","0.00","7","3955","3955"
"03.3.2015","565.00","565.00","565.00","565.00","0.00","35","19775","19775"
"02.3.2015","565.00","565.00","565.00","565.00","-2.92","100","56500","56500"
"23.2.2015","582.00","582.00","582.00","582.00","-3.00","100","58200","58200"
"19.2.2015","600.00","600.00","600.00","600.00","0.00","120","72000","72000"
"18.2.2015","600.00","600.00","600.00","600.00","-4.91","67","40200","40200"
"11.2.2015","631.00","631.00","631.00","631.00","0.00","83","52373","52373"
"03.2.2015","631.00","631.00","631.00","631.00","-2.92","893","563483","563483"
"30.1.2015","650.00","650.00","650.00","650.00","0.00","32","20800","20800"
"22.1.2015","650.00","650.00","650.00","650.00","-7.14","96","62400","62400"
"21.12.2016","699.00","699.00","698.00","698.97","0.00","1526","1066624","1066624"
"16.12.2016","699.00","699.00","699.00","699.00","6.56","55","38445","38445"
"07.12.2016","656.00","656.00","655.00","655.97","-6.16","330","216470","216470"
"01.12.2016","699.00","699.00","699.00","699.00","-0.14","170","118830","118830"
"29.11.2016","700.00","700.00","700.00","700.00","0.00","792","554400","554400"
"28.11.2016","700.00","700.00","700.00","700.00","4.48","220","154000","154000"
"25.11.2016","670.00","670.00","670.00","670.00","-8.96","10","6700","6700"
"18.11.2016","730.00","738.00","730.00","735.93","2.21","270","198700","198700"
"17.11.2016","720.00","720.00","720.00","720.00","0.41","100","72000","72000"
"15.11.2016","735.00","735.00","716.00","717.03","0.14","556","398666","398666"
"14.11.2016","716.00","716.00","716.00","716.00","9.98","50","35800","35800"
"04.11.2016","651.00","651.00","651.00","651.00","0.00","133","86583","86583"
"03.11.2016","651.00","651.00","651.00","651.00","2.89","40","26040","26040"
"02.11.2016","631.00","650.00","631.00","632.73","4.34","2200","1392000","1392000"
"26.10.2016","610.00","610.00","601.00","606.40","-0.59","500","303200","303200"
"20.10.2016","610.00","610.00","610.00","610.00","0.00","5","3050","3050"
"17.10.2016","610.00","610.00","610.00","610.00","1.67","2000","1220000","1220000"
"06.10.2016","600.00","600.00","600.00","600.00","0.00","132","79200","79200"
"05.10.2016","600.00","600.00","600.00","600.00","-0.69","30","18000","18000"
"04.10.2016","600.00","610.00","600.00","604.19","-0.98","160","96670","96670"
"27.9.2016","610.00","611.00","610.00","610.18","0.86","2500","1525450","1525450"
"07.9.2016","605.00","605.00","605.00","605.00","0.00","257","155485","155485"
"05.9.2016","605.00","605.00","605.00","605.00","0.00","2000","1210000","1210000"
"01.9.2016","605.00","605.00","605.00","605.00","-2.10","5","3025","3025"
"30.8.2016","618.00","618.00","618.00","618.00","3.00","30","18540","18540"
"26.8.2016","600.00","600.00","600.00","600.00","0.00","2345","1407000","1407000"
"23.8.2016","600.00","600.00","600.00","600.00","0.00","1300","780000","780000"
"18.8.2016","600.00","600.00","600.00","600.00","0.00","1745","1047000","1047000"
"08.8.2016","600.00","600.00","600.00","600.00","0.00","200","120000","120000"
"05.8.2016","600.00","600.00","600.00","600.00","0.00","100","60000","60000"
"25.7.2016","600.00","600.00","600.00","600.00","0.00","310","186000","186000"
"20.7.2016","600.00","600.00","600.00","600.00","0.00","190","114000","114000"
"19.7.2016","600.00","600.00","600.00","600.00","0.00","200","120000","120000"
"15.7.2016","600.00","600.00","600.00","600.00","0.06","100","60000","60000"
"27.5.2016","600.00","600.00","599.00","599.64","-0.06","1103","661400","661400"
"25.4.2016","600.00","600.00","600.00","600.00","0.84","214","128400","128400"
"20.4.2016","595.00","595.00","595.00","595.00","0.00","407","242165","242165"
"19.4.2016","595.00","595.00","595.00","595.00","0.85","300","178500","178500"
"18.4.2016","590.00","590.00","590.00","590.00","0.00","100","59000","59000"
"15.4.2016","590.00","590.00","590.00","590.00","1.37","100","59000","59000"
"12.4.2016","582.00","582.00","582.00","582.00","0.00","205","119310","119310"
"07.4.2016","582.00","582.00","582.00","582.00","0.00","300","174600","174600"
"06.4.2016","582.00","582.00","582.00","582.00","-3.00","500","291000","291000"
"25.3.2016","600.00","600.00","600.00","600.00","0.00","164","98400","98400"
"23.3.2016","600.00","600.00","600.00","600.00","0.00","647","388200","388200"
"22.3.2016","600.00","600.00","600.00","600.00","-4.76","53","31800","31800"
"10.3.2016","630.00","630.00","630.00","630.00","0.00","66","41580","41580"
"08.3.2016","630.00","630.00","630.00","630.00","0.00","300","189000","189000"
"04.3.2016","630.00","630.00","630.00","630.00","5.00","1545","973350","973350"
"02.3.2016","600.00","600.00","600.00","600.00","-0.17","156","93600","93600"
"24.2.2016","601.00","601.00","601.00","601.00","-6.09","170","102170","102170"
"23.2.2016","640.00","640.00","640.00","640.00","4.07","5","3200","3200"
"15.2.2016","615.00","615.00","615.00","615.00","-3.91","357","219555","219555"
"10.2.2016","640.00","640.00","640.00","640.00","0.00","100","64000","64000"
"09.2.2016","640.00","640.00","640.00","640.00","-3.03","460","294400","294400"
"02.2.2016","660.00","660.00","660.00","660.00","0.00","200","132000","132000"
"29.1.2016","660.00","660.00","660.00","660.00","-0.60","1625","1072500","1072500"
"26.1.2016","700.00","700.00","663.00","664.00","0.30","185","122840","122840"
"25.1.2016","662.00","662.00","662.00","662.00","8.52","700","463400","463400"
"22.1.2016","610.00","610.00","610.00","610.00","1.50","13","7930","7930"
"20.1.2016","601.00","601.00","601.00","601.00","-1.96","290","174290","174290"
"05.1.2016","613.00","613.00","613.00","613.00","3.03","70","42910","42910"
"04.1.2016","595.00","595.00","595.00","595.00","2.59","632","376040","376040"
"28.12.2017","840.00","840.00","840.00","840.00","0.67","294","246960","246960"
"27.12.2017","840.00","840.00","825.00","834.45","1.76","1500","1251676","1251676"
"26.12.2017","820.00","820.00","820.00","820.00","-0.61","50","41000","41000"
"25.12.2017","825.00","825.00","825.00","825.00","1.85","551","454575","454575"
"22.12.2017","810.00","810.00","810.00","810.00","0.00","74","59940","59940"
"21.12.2017","810.00","810.00","810.00","810.00","-2.99","50","40500","40500"
"19.12.2017","835.00","835.00","835.00","835.00","-0.48","46","38410","38410"
"18.12.2017","839.00","839.00","839.00","839.00","1.25","510","427890","427890"
"14.12.2017","829.00","829.00","825.00","828.64","2.30","560","464040","464040"
"13.12.2017","810.00","810.00","810.00","810.00","1.23","50","40500","40500"
"11.12.2017","800.00","801.00","800.00","800.12","0.02","800","640099","640099"
"07.12.2017","800.00","800.00","800.00","800.00","-0.47","242","193600","193600"
"06.12.2017","810.00","810.00","801.00","803.76","-0.45","743","597191","597191"
"05.12.2017","805.00","820.00","805.00","807.41","0.93","498","402090","402090"
"04.12.2017","800.00","800.00","800.00","800.00","-0.03","450","360000","360000"
"01.12.2017","800.00","810.00","800.00","800.22","-1.87","807","645780","645780"
"29.11.2017","810.00","824.00","810.00","815.48","1.30","485","395510","395510"
"28.11.2017","805.00","805.00","805.00","805.00","1.90","650","523250","523250"
"27.11.2017","790.00","790.00","790.00","790.00","-2.47","1000","790000","790000"
"23.11.2017","810.00","810.00","810.00","810.00","0.78","95","76950","76950"
"22.11.2017","815.00","815.00","795.00","803.72","-1.50","235","188875","188875"
"21.11.2017","816.00","816.00","816.00","816.00","0.38","157","128112","128112"
"20.11.2017","810.00","824.00","810.00","812.95","-0.74","475","386150","386150"
"16.11.2017","819.00","819.00","819.00","819.00","-2.93","555","454545","454545"
"15.11.2017","845.00","845.00","840.00","843.76","-2.34","545","459850","459850"
"10.11.2017","864.00","864.00","864.00","864.00","2.89","35","30240","30240"
"08.11.2017","840.00","840.00","839.00","839.74","-0.03","271","227570","227570"
"06.11.2017","840.00","840.00","840.00","840.00","2.82","215","180600","180600"
"03.11.2017","817.00","817.00","817.00","817.00","2.88","616","503272","503272"
"02.11.2017","803.00","803.00","780.00","794.14","1.81","2649","2103687","2103687"
"01.11.2017","780.00","780.00","780.00","780.00","8.92","720","561600","26292585"
"31.10.2017","711.00","740.00","711.00","716.13","-1.22","2343","1677898","1677898"
"30.10.2017","725.00","725.00","725.00","725.00","-4.66","50","36250","36250"
"27.10.2017","739.00","768.00","723.00","760.45","-2.63","1737","1320895","1320895"
"26.10.2017","780.00","787.00","780.00","781.01","-3.71","4557","3559074","3559074"
"25.10.2017","810.00","820.00","810.00","811.11","-2.04","450","365000","365000"
"24.10.2017","828.00","828.00","828.00","828.00","0.00","100","82800","82800"
"20.10.2017","828.00","828.00","828.00","828.00","0.12","228","188784","188784"
"19.10.2017","827.00","827.00","827.00","827.00","0.00","45","37215","37215"
"18.10.2017","827.00","827.00","827.00","827.00","0.07","35","28945","28945"
"17.10.2017","828.00","828.00","820.00","826.42","0.40","152","125616","125616"
"16.10.2017","825.00","825.00","810.00","823.13","2.28","562","462600","462600"
"12.10.2017","810.00","810.00","803.00","804.77","0.22","613","493324","493324"
"10.10.2017","803.00","803.00","803.00","803.00","1.10","725","582175","582175"
"06.10.2017","803.00","803.00","793.00","794.27","1.83","458","363774","363774"
"05.10.2017","780.00","780.00","780.00","780.00","1.29","1257","980460","980460"
"04.10.2017","785.00","785.00","742.00","770.06","6.95","310","238720","238720"
"03.10.2017","720.00","","","720.00","0.00","0","0","1353600"
"02.10.2017","720.00","720.00","720.00","720.00","-4.26","36058","25961760","25961760"
"27.9.2017","752.00","752.00","752.00","752.00","-2.97","40","30080","30080"
"25.9.2017","775.00","775.00","775.00","775.00","-0.13","50","38750","38750"
"22.9.2017","776.00","776.00","776.00","776.00","-3.00","5","3880","3880"
"15.9.2017","800.00","800.00","800.00","800.00","-1.93","115","92000","92000"
"13.9.2017","815.00","818.00","815.00","815.78","-0.25","600","489470","489470"
"12.9.2017","819.00","819.00","817.00","817.83","-0.27","858","701702","701702"
"11.9.2017","819.00","830.00","817.00","820.05","-1.20","2758","2261702","2261702"
"07.9.2017","830.00","830.00","830.00","830.00","0.11","587","487210","487210"
"06.9.2017","830.00","830.00","825.00","829.09","0.20","828","686490","686490"
"31.8.2017","839.00","839.00","825.00","827.47","-1.84","170","140670","140670"
"22.8.2017","843.00","843.00","843.00","843.00","-0.12","481","405483","405483"
"21.8.2017","844.00","844.00","844.00","844.00","0.00","50","42200","42200"
"18.8.2017","844.00","845.00","844.00","844.04","2.72","1867","1575818","1575818"
"17.8.2017","821.00","822.00","821.00","821.71","-2.50","141","115861","115861"
"15.8.2017","844.00","844.00","840.00","842.77","-0.15","326","274744","274744"
"10.8.2017","844.00","844.00","844.00","844.00","0.00","300","253200","253200"
"08.8.2017","844.00","844.00","844.00","844.00","2.93","970","818680","818680"
"03.8.2017","820.00","820.00","820.00","820.00","-2.96","40","32800","32800"
"01.8.2017","845.00","845.00","845.00","845.00","0.00","10","8450","8450"
"31.7.2017","845.00","845.00","845.00","845.00","0.54","150","126750","126750"
"26.7.2017","849.00","849.00","819.00","840.48","1.89","763","641286","641286"
"25.7.2017","825.00","825.00","824.00","824.91","0.24","1155","952775","952775"
"24.7.2017","823.00","823.00","810.00","822.96","2.90","910","748891","748891"
"21.7.2017","800.00","800.00","799.00","799.80","0.02","2235","1787542","1787542"
"20.7.2017","799.00","800.00","799.00","799.65","-0.04","1653","1321819","1321819"
"19.7.2017","800.00","800.00","800.00","800.00","0.00","152","121600","121600"
"18.7.2017","800.00","800.00","800.00","800.00","0.00","108","86400","86400"
"17.7.2017","800.00","800.00","800.00","800.00","0.69","20","16000","16000"
"13.7.2017","795.00","795.00","794.00","794.54","2.92","216","171620","171620"
"12.7.2017","772.00","772.00","772.00","772.00","2.93","100","77200","77200"
"11.7.2017","750.00","750.00","750.00","750.00","0.00","132","99000","99000"
"10.7.2017","750.00","750.00","750.00","750.00","2.95","347","260250","260250"
"28.6.2017","722.00","736.00","722.00","728.48","-0.89","195","142054","142054"
"07.6.2017","735.00","735.00","735.00","735.00","2.94","15","11025","11025"
"06.6.2017","714.00","714.00","714.00","714.00","0.71","50","35700","35700"
"01.6.2017","709.00","709.00","709.00","709.00","0.19","120","85080","85080"
"29.5.2017","709.00","709.00","700.00","707.69","-3.06","686","485474","485474"
"26.5.2017","730.00","730.00","730.00","730.00","-9.88","300","219000","219000"
"19.5.2017","810.00","810.00","810.00","810.00","0.87","40","32400","32400"
"11.4.2017","803.00","803.00","803.00","803.00","0.00","2339","1878217","1878217"
"06.4.2017","803.00","803.00","803.00","803.00","0.00","139","111617","111617"
"04.4.2017","803.00","803.00","803.00","803.00","2.95","812","652036","652036"
"03.4.2017","780.00","780.00","780.00","780.00","2.90","250","195000","195000"
"28.3.2017","758.00","758.00","758.00","758.00","-2.94","5","3790","3790"
"17.3.2017","781.00","781.00","781.00","781.00","-4.17","99","77319","77319"
"15.3.2017","815.00","815.00","815.00","815.00","-1.45","147","119805","119805"
"07.3.2017","827.00","827.00","827.00","827.00","-2.93","100","82700","82700"
"03.3.2017","852.00","852.00","852.00","852.00","0.00","202","172104","172104"
"01.3.2017","852.00","852.00","852.00","852.00","9.94","55","46860","46860"
"28.2.2017","775.00","775.00","775.00","775.00","8.39","171","132525","132525"
"22.2.2017","715.00","715.00","715.00","715.00","1.42","7","5005","5005"
"16.2.2017","705.00","706.00","705.00","705.01","0.72","1145","807235","807235"
"14.2.2017","700.00","700.00","700.00","700.00","-1.96","50","35000","35000"
"10.2.2017","714.00","714.00","714.00","714.00","2.26","489","349146","349146"
"02.2.2017","698.00","699.00","698.00","698.23","-2.62","220","153610","153610"
"26.1.2017","717.00","717.00","717.00","717.00","-0.32","250","179250","179250"
"18.1.2017","718.00","720.00","718.00","719.31","-0.23","1031","741606","741606"
"17.1.2017","721.00","721.00","721.00","721.00","3.00","20","14420","14420"
"12.1.2017","700.00","700.00","700.00","700.00","-2.20","162","113400","113400"
"04.1.2017","719.00","719.00","700.00","715.77","2.40","200","143154","143154"
"27.12.2018","1280.00","1280.00","1260.00","1274.11","1.93","1188","1513640","1513640"
"26.12.2018","1250.00","1250.00","1250.00","1250.00","1.54","1768","2210000","2210000"
"25.12.2018","1231.00","1231.00","1231.00","1231.00","-1.84","30","36930","36930"
"21.12.2018","1250.00","1260.00","1250.00","1254.08","0.33","282","353650","1603650"
"20.12.2018","1250.00","1250.00","1250.00","1250.00","-0.79","30","37500","37500"
"19.12.2018","1260.00","1260.00","1260.00","1260.00","1.20","278","350280","350280"
"18.12.2018","1245.00","1245.00","1245.00","1245.00","0.00","300","373500","373500"
"17.12.2018","1245.00","1245.00","1245.00","1245.00","-1.97","63","78435","78435"
"14.12.2018","1270.00","1270.00","1270.00","1270.00","-0.78","470","596900","596900"
"12.12.2018","1280.00","1280.00","1280.00","1280.00","2.78","5","6400","6400"
"11.12.2018","1250.00","1250.00","1244.00","1245.37","1.00","598","744730","744730"
"10.12.2018","1244.00","1244.00","1211.00","1233.00","-0.91","15","18495","18495"
"07.12.2018","1245.00","1245.00","1244.00","1244.32","0.39","312","388228","388228"
"06.12.2018","1240.00","1240.00","1239.00","1239.53","-0.36","190","235510","235510"
"05.12.2018","1244.00","1244.00","1244.00","1244.00","-0.47","47","58468","58468"
"30.11.2018","1250.00","1250.00","1240.00","1249.87","0.68","393","491200","491200"
"29.11.2018","1250.00","1250.00","1240.00","1241.43","2.18","490","608300","608300"
"28.11.2018","1215.00","1215.00","1215.00","1215.00","1.15","70","85050","85050"
"27.11.2018","1200.00","1203.00","1200.00","1201.14","-0.29","1493","1793300","1793300"
"22.11.2018","1200.00","1220.00","1200.00","1204.62","-6.62","541","651700","651700"
"20.11.2018","1290.00","1290.00","1290.00","1290.00","2.94","10","12900","12900"
"16.11.2018","1255.00","1260.00","1250.00","1253.13","-2.17","1566","1962405","1962405"
"15.11.2018","1280.00","1290.00","1280.00","1280.90","-1.42","290","371460","371460"
"13.11.2018","1299.00","1300.00","1299.00","1299.39","-0.05","1028","1335772","1335772"
"12.11.2018","1300.00","1300.00","1300.00","1300.00","-0.83","100","130000","130000"
"09.11.2018","1320.00","1320.00","1300.00","1310.93","-0.66","604","791800","791800"
"08.11.2018","1350.00","1350.00","1298.00","1319.67","4.72","720","950160","950160"
"07.11.2018","1253.00","1295.00","1253.00","1260.21","-3.05","204","257082","257082"
"06.11.2018","1300.00","","","1299.88","0.00","0","0","6604000"
"05.11.2018","1300.00","1300.00","1299.00","1299.88","-0.01","320","415960","415960"
"02.11.2018","1300.00","1300.00","1300.00","1300.00","0.00","631","820300","820300"
"01.11.2018","1300.00","1300.00","1300.00","1300.00","0.00","20","26000","26000"
"29.10.2018","1300.00","1300.00","1300.00","1300.00","9.70","15","19500","19500"
"26.10.2018","1185.00","1185.00","1185.00","1185.00","-2.99","100","118500","118500"
"25.10.2018","1224.00","1224.00","1219.00","1221.53","-2.73","198","241862","241862"
"24.10.2018","1290.00","1291.00","1252.00","1255.84","-2.66","1062","1333700","1333700"
"22.10.2018","1250.00","1291.00","1250.00","1290.10","9.90","958","1235917","1235917"
"19.10.2018","1185.00","1185.00","1169.00","1173.93","0.46","1747","2050856","2050856"
"18.10.2018","1170.00","1170.00","1160.00","1168.56","0.35","2264","2645614","2645614"
"17.10.2018","1160.00","1165.00","1160.00","1164.45","1.13","451","525165","525165"
"16.10.2018","1150.00","1154.00","1150.00","1151.39","2.73","368","423712","423712"
"15.10.2018","1120.00","1121.00","1120.00","1120.81","-2.63","185","207350","207350"
"12.10.2018","1150.00","1155.00","1150.00","1151.08","-3.27","650","748200","748200"
"09.10.2018","1190.00","1190.00","1190.00","1190.00","9.60","10","11900","11900"
"08.10.2018","1085.00","1088.00","1084.00","1085.80","-1.83","500","542900","542900"
"05.10.2018","1106.00","1106.00","1106.00","1106.00","-2.98","65","71890","71890"
"04.10.2018","1140.00","1140.00","1140.00","1140.00","0.64","50","57000","57000"
"03.10.2018","1131.00","1136.00","1131.00","1132.70","-2.77","588","666028","666028"
"02.10.2018","1185.00","1185.00","1151.00","1165.00","0.87","85","99025","99025"
"01.10.2018","1155.00","1188.00","1128.00","1154.92","-3.68","663","765710","765710"
"28.9.2018","1195.00","1220.00","1195.00","1199.05","0.34","444","532380","532380"
"27.9.2018","1195.00","1196.00","1195.00","1195.04","2.85","691","825773","825773"
"26.9.2018","1160.00","1162.00","1160.00","1161.92","0.90","106","123164","123164"
"25.9.2018","1152.00","1155.00","1141.00","1151.54","1.01","251","289037","289037"
"24.9.2018","1140.00","1140.00","1140.00","1140.00","0.44","50","57000","57000"
"21.9.2018","1135.00","1135.00","1135.00","1135.00","-0.03","150","170250","170250"
"20.9.2018","1153.00","1153.00","1122.00","1135.39","1.38","1372","1557751","1557751"
"19.9.2018","1120.00","1120.00","1116.00","1119.97","-0.01","3870","4334300","4334300"
"18.9.2018","1120.00","1135.00","1120.00","1120.05","0.00","2308","2585080","2585080"
"17.9.2018","1120.00","1120.00","1120.00","1120.00","-1.70","200","224000","224000"
"14.9.2018","1140.00","1140.00","1139.00","1139.32","2.46","496","565104","565104"
"11.9.2018","1112.00","1112.00","1112.00","1112.00","-2.38","40","44480","44480"
"06.9.2018","1139.00","1141.00","1130.00","1139.09","-0.25","220","250600","250600"
"05.9.2018","1145.00","1145.00","1139.00","1141.97","2.71","91","103919","103919"
"04.9.2018","1100.00","1120.00","1100.00","1111.88","-2.36","437","485890","485890"
"03.9.2018","1150.00","1150.00","1135.00","1138.75","0.08","40","45550","45550"
"29.8.2018","1139.00","1140.00","1130.00","1137.84","0.69","693","788520","788520"
"27.8.2018","1130.00","1130.00","1130.00","1130.00","1.62","50","56500","56500"
"23.8.2018","1112.00","1112.00","1112.00","1112.00","2.96","300","333600","333600"
"22.8.2018","1080.00","1080.00","1080.00","1080.00","-2.88","260","280800","280800"
"21.8.2018","1112.00","1112.00","1112.00","1112.00","-2.97","550","611600","611600"
"17.8.2018","1146.00","1146.00","1146.00","1146.00","-0.09","40","45840","45840"
"16.8.2018","1147.00","1147.00","1147.00","1147.00","-0.52","110","126170","126170"
"15.8.2018","1153.00","1153.00","1153.00","1153.00","2.95","223","257119","257119"
"14.8.2018","1120.00","1120.00","1120.00","1120.00","-0.25","60","67200","67200"
"13.8.2018","1120.00","1130.00","1120.00","1122.86","-0.86","168","188640","188640"
"10.8.2018","1130.00","1135.00","1130.00","1132.57","-0.22","535","605925","605925"
"08.8.2018","1120.00","1149.00","1120.00","1135.09","-1.14","2701","3065881","3065881"
"07.8.2018","1148.00","1160.00","1145.00","1148.20","1.61","1628","1869275","1869275"
"06.8.2018","1130.00","1130.00","1130.00","1130.00","0.38","2850","3220500","3220500"
"03.8.2018","1140.00","1140.00","1110.00","1125.77","1.17","549","618045","618045"
"01.8.2018","1116.00","1150.00","1100.00","1112.79","1.38","610","678800","678800"
"31.7.2018","1100.00","1100.00","1089.00","1097.63","2.39","2938","3224835","3224835"
"30.7.2018","1051.00","1090.00","1044.00","1071.96","3.41","3077","3298432","3298432"
"27.7.2018","1040.00","1044.00","1029.00","1036.59","2.18","1845","1912500","1912500"
"26.7.2018","1025.00","1025.00","1010.00","1014.50","0.20","980","994210","3437210"
"25.7.2018","1019.00","1019.00","1002.00","1012.52","1.25","436","441460","441460"
"24.7.2018","1000.00","1000.00","1000.00","1000.00","0.00","650","650000","650000"
"23.7.2018","1000.00","1000.00","1000.00","1000.00","0.00","569","569000","569000"
"20.7.2018","1000.00","1000.00","1000.00","1000.00","0.10","35","35000","35000"
"19.7.2018","999.00","999.00","999.00","999.00","0.63","432","431568","1977028"
"18.7.2018","1000.00","1000.00","980.00","992.73","1.11","55","54600","54600"
"17.7.2018","1000.00","1000.00","980.00","981.88","-1.82","1065","1045700","1045700"
"16.7.2018","1000.00","1001.00","1000.00","1000.04","-1.91","2492","2492096","2492096"
"13.7.2018","1020.00","1020.00","1019.00","1019.55","-0.04","100","101955","101955"
"12.7.2018","1020.00","1020.00","1020.00","1020.00","0.00","216","220320","220320"
"11.7.2018","1020.00","1020.00","1020.00","1020.00","2.00","511","521220","521220"
"10.7.2018","1000.00","1000.00","1000.00","1000.00","-2.91","100","100000","100000"
"06.7.2018","1030.00","1030.00","1030.00","1030.00","0.00","38","39140","39140"
"05.7.2018","1030.00","1030.00","1030.00","1030.00","0.07","900","927000","927000"
"04.7.2018","1030.00","1030.00","1028.00","1029.32","0.62","3222","3316460","4346460"
"03.7.2018","1020.00","1039.00","1020.00","1022.99","-1.27","615","629141","629141"
"02.7.2018","1037.00","1037.00","1035.00","1036.17","2.83","240","248680","248680"
"29.6.2018","1016.00","1016.00","970.00","1007.61","2.14","460","463500","463500"
"28.6.2018","985.00","1002.00","980.00","986.47","-3.29","2045","2017330","2017330"
"27.6.2018","1020.00","1020.00","1020.00","1020.00","-3.15","100","102000","102000"
"26.6.2018","1050.00","1056.00","1049.00","1053.17","2.68","659","694042","694042"
"25.6.2018","1030.00","1030.00","1012.00","1025.66","-0.45","3700","3794950","3794950"
"22.6.2018","1038.00","1039.00","1015.00","1030.25","2.55","3061","3153601","6413851"
"21.6.2018","1034.00","1034.00","1000.00","1004.65","2.20","2325","2335800","2335800"
"20.6.2018","983.00","983.00","983.00","983.00","2.97","250","245750","245750"
"19.6.2018","969.00","969.00","950.00","954.62","0.49","1682","1605670","1605670"
"18.6.2018","949.00","950.00","949.00","949.95","0.07","574","545271","545271"
"14.6.2018","950.00","950.00","945.00","949.25","4.81","1726","1638402","1638402"
"13.6.2018","950.00","950.00","902.00","905.72","0.64","542","490900","7920400"
"12.6.2018","900.00","900.00","900.00","900.00","0.00","818","736200","736200"
"11.6.2018","900.00","900.00","899.00","899.99","0.07","2900","2609970","2609970"
"08.6.2018","900.00","900.00","891.00","899.36","2.04","9035","8125714","10708714"
"07.6.2018","899.00","900.00","879.00","881.40","0.21","3564","3141325","3141325"
"06.6.2018","879.00","880.00","870.00","879.56","-0.05","2289","2013310","2013310"
"05.6.2018","880.00","881.00","879.00","880.04","0.02","3681","3239410","3239410"
"04.6.2018","880.00","880.00","879.00","879.83","-0.02","1300","1143783","1143783"
"01.6.2018","880.00","880.00","880.00","880.00","0.11","476","418880","418880"
"30.5.2018","881.00","881.00","870.00","879.06","2.22","454","399094","399094"
"29.5.2018","860.00","860.00","860.00","860.00","-2.49","100","86000","86000"
"23.5.2018","881.00","883.00","880.00","881.96","2.88","317","279581","279581"
"21.5.2018","865.00","870.00","855.00","857.29","-0.32","1355","1161625","1161625"
"18.5.2018","860.00","860.00","860.00","860.00","-1.23","30","25800","25800"
"15.5.2018","870.00","880.00","870.00","870.70","-1.06","229","199390","199390"
"14.5.2018","880.00","880.00","880.00","880.00","-0.05","19","16720","16720"
"11.5.2018","881.00","881.00","880.00","880.47","-1.36","215","189300","189300"
"09.5.2018","890.00","900.00","890.00","892.58","-0.82","271","241890","241890"
"07.5.2018","900.00","900.00","900.00","900.00","0.00","463","416700","416700"
"04.5.2018","900.00","900.00","900.00","900.00","0.00","323","290700","290700"
"03.5.2018","900.00","900.00","900.00","900.00","0.45","897","807300","807300"
"02.5.2018","900.00","908.00","890.00","895.93","1.81","631","565330","565330"
"27.4.2018","880.00","880.00","880.00","880.00","-2.80","250","220000","220000"
"24.4.2018","905.00","908.00","905.00","905.39","-0.42","380","344050","344050"
"23.4.2018","882.00","910.00","882.00","909.18","2.85","103","93646","93646"
"19.4.2018","884.00","884.00","884.00","884.00","0.00","11","9724","9724"
"13.4.2018","884.00","884.00","884.00","884.00","-9.93","500","442000","442000"
"12.4.2018","980.00","985.00","979.00","981.41","-0.50","6041","5928672","5928672"
"11.4.2018","985.00","991.00","984.00","986.38","-0.98","4909","4842142","4842142"
"10.4.2018","996.00","1000.00","990.00","996.19","-0.23","1398","1392674","1392674"
"05.4.2018","999.00","999.00","998.00","998.48","0.71","1639","1636511","1636511"
"04.4.2018","1000.00","1000.00","980.00","991.45","1.57","969","960714","16409514"
"03.4.2018","980.00","980.00","970.00","976.13","-0.95","920","898040","898040"
"02.4.2018","980.00","987.00","980.00","985.53","-0.35","2952","2909274","2909274"
"30.3.2018","989.00","989.00","989.00","989.00","1.96","247","244283","244283"
"29.3.2018","970.00","970.00","970.00","970.00","-2.81","198","192060","192060"
"26.3.2018","998.00","998.00","998.00","998.00","2.89","500","499000","499000"
"23.3.2018","970.00","970.00","970.00","970.00","-2.02","2","1940","1940"
"22.3.2018","990.00","990.00","990.00","990.00","-0.90","190","188100","188100"
"21.3.2018","999.00","999.00","999.00","999.00","-0.10","200","199800","199800"
"20.3.2018","1000.00","1000.00","1000.00","1000.00","0.00","10","10000","10000"
"19.3.2018","1000.00","1000.00","1000.00","1000.00","0.58","200","200000","200000"
"16.3.2018","1000.00","1000.00","980.00","994.25","-0.51","550","546839","546839"
"15.3.2018","1000.00","1000.00","999.00","999.30","-0.04","400","399722","399722"
"14.3.2018","999.00","1000.00","965.00","999.67","0.69","768","767745","767745"
"13.3.2018","1000.00","1000.00","980.00","992.85","2.36","2896","2875306","6026906"
"12.3.2018","980.00","980.00","955.00","970.00","1.56","750","727500","727500"
"09.3.2018","955.00","956.00","955.00","955.07","0.01","683","652315","652315"
"08.3.2018","955.00","955.00","955.00","955.00","-2.95","1981","1891855","1891855"
"07.3.2018","984.00","984.00","984.00","984.00","2.96","74","72816","1576816"
"06.3.2018","950.00","970.00","950.00","955.71","-4.35","438","418600","4218600"
"05.3.2018","1000.00","1000.00","999.00","999.22","-0.14","405","404685","404685"
"02.3.2018","999.00","1002.00","999.00","1000.60","-1.28","315","315190","315190"
"01.3.2018","1030.00","1049.00","999.00","1013.58","3.52","2541","2575501","2575501"
"27.2.2018","999.00","999.00","953.00","979.14","2.74","295","288846","288846"
"26.2.2018","953.00","953.00","953.00","953.00","0.00","60","57180","57180"
"22.2.2018","953.00","953.00","953.00","953.00","0.00","55","52415","52415"
"21.2.2018","953.00","953.00","953.00","953.00","0.63","62","59086","59086"
"20.2.2018","947.00","947.00","947.00","947.00","-2.97","120","113640","113640"
"12.2.2018","976.00","976.00","976.00","976.00","3.53","100","97600","97600"
"09.2.2018","978.00","978.00","928.00","942.70","4.63","247","232848","232848"
"08.2.2018","901.00","901.00","901.00","901.00","0.11","30","27030","27030"
"07.2.2018","900.00","900.00","900.00","900.00","-9.46","10","9000","9000"
"06.2.2018","994.00","994.00","994.00","994.00","4.63","60","59640","59640"
"05.2.2018","950.00","950.00","950.00","950.00","-4.52","2","1900","1900"
"02.2.2018","995.00","995.00","995.00","995.00","-0.47","36","35820","35820"
"31.1.2018","1000.00","1000.00","999.00","999.67","0.01","75","74975","74975"
"30.1.2018","1000.00","1000.00","999.00","999.55","-0.04","1126","1125489","4125489"
"29.1.2018","1000.00","1000.00","1000.00","1000.00","-0.92","173","173000","173000"
"26.1.2018","1000.00","1025.00","1000.00","1009.26","0.18","189","190750","190750"
"25.1.2018","1025.00","1025.00","1000.00","1007.42","0.89","1072","1079950","1079950"
"24.1.2018","1000.00","1000.00","995.00","998.57","2.55","1204","1202275","1202275"
"23.1.2018","978.00","978.00","950.00","973.78","2.50","1989","1936842","1936842"
"22.1.2018","950.00","950.00","950.00","950.00","-0.12","730","693500","693500"
"18.1.2018","950.00","952.00","950.00","951.17","1.04","600","570700","570700"
"17.1.2018","960.00","960.00","932.00","941.39","4.00","754","709805","709805"
"16.1.2018","906.00","906.00","880.00","905.18","2.82","475","429960","429960"
"11.1.2018","880.00","881.00","880.00","880.39","0.04","259","228020","228020"
"10.1.2018","880.00","880.00","880.00","880.00","5.52","85","74800","74800"
"09.1.2018","834.00","834.00","834.00","834.00","-5.24","143","119262","119262"
"05.1.2018","880.00","900.00","880.00","880.16","2.44","635","558900","558900"
"04.1.2018","860.00","860.00","858.00","859.16","2.28","797","684748","684748"
"30.12.2019","1560.00","1560.00","1555.00","1558.20","0.04","342","532905","532905"
"27.12.2019","1560.00","1560.00","1540.00","1557.54","2.03","570","887800","887800"
"26.12.2019","1525.00","","","1526.55","0.00","0","0","4477150"
"25.12.2019","1525.00","1530.00","1525.00","1526.55","-1.24","290","442700","442700"
"24.12.2019","1530.00","1555.00","1530.00","1545.79","1.03","1222","1888960","1888960"
"23.12.2019","1530.00","1530.00","1530.00","1530.00","0.00","302","462060","462060"
"19.12.2019","1530.00","1530.00","1530.00","1530.00","-0.03","220","336600","336600"
"18.12.2019","1530.00","1532.00","1530.00","1530.48","0.50","670","1025420","1025420"
"16.12.2019","1525.00","1525.00","1520.00","1522.86","-0.51","700","1066000","1066000"
"13.12.2019","1530.00","1531.00","1530.00","1530.62","0.70","125","191328","191328"
"12.12.2019","1520.00","1520.00","1520.00","1520.00","0.66","900","1368000","1368000"
"10.12.2019","1510.00","1510.00","1510.00","1510.00","-2.58","166","250660","250660"
"05.12.2019","1550.00","1550.00","1550.00","1550.00","1.91","100","155000","155000"
"04.12.2019","1521.00","1521.00","1521.00","1521.00","0.07","100","152100","152100"
"03.12.2019","1520.00","1520.00","1520.00","1520.00","1.33","4127","6273040","6273040"
"02.12.2019","1500.00","1500.00","1500.00","1500.00","-1.01","10","15000","15000"
"29.11.2019","1530.00","1545.00","1502.00","1515.36","0.99","783","1186523","1186523"
"28.11.2019","1501.00","1501.00","1500.00","1500.47","-0.14","429","643700","643700"
"27.11.2019","1510.00","1520.00","1500.00","1502.60","0.85","2184","3281670","3281670"
"26.11.2019","1490.00","1490.00","1490.00","1490.00","1.38","35","52150","52150"
"25.11.2019","1470.00","1470.00","1455.00","1469.71","-2.02","510","749550","749550"
"22.11.2019","1500.00","1500.00","1500.00","1500.00","-0.20","250","375000","375000"
"21.11.2019","1503.00","1503.00","1503.00","1503.00","2.95","1144","1719432","1719432"
"15.11.2019","1460.00","1460.00","1460.00","1460.00","0.00","160","233600","233600"
"12.11.2019","1460.00","1460.00","1460.00","1460.00","3.34","52","75920","75920"
"07.11.2019","1410.00","1420.00","1410.00","1412.86","-1.26","140","197800","197800"
"05.11.2019","1439.00","1439.00","1421.00","1430.89","3.69","595","851381","851381"
"01.11.2019","1380.00","1380.00","1380.00","1380.00","-1.43","88","121440","121440"
"28.10.2019","1400.00","1400.00","1400.00","1400.00","3.51","498","697200","697200"
"21.10.2019","1350.00","1359.00","1350.00","1352.53","-1.99","182","246160","246160"
"18.10.2019","1380.00","1380.00","1380.00","1380.00","1.60","36","49680","49680"
"17.10.2019","1358.00","1360.00","1358.00","1358.21","-2.98","187","253986","253986"
"16.10.2019","1400.00","1400.00","1400.00","1400.00","-2.20","195","273000","273000"
"15.10.2019","1400.00","1433.00","1400.00","1431.43","2.46","105","150300","150300"
"14.10.2019","1397.00","1397.00","1397.00","1397.00","-2.96","100","139700","139700"
"09.10.2019","1439.00","1440.00","1439.00","1439.57","-0.19","35","50385","50385"
"04.10.2019","1450.00","1450.00","1440.00","1442.24","-0.43","196","282680","282680"
"03.10.2019","1448.00","1449.00","1448.00","1448.40","-0.04","250","362100","362100"
"02.10.2019","1449.00","1449.00","1449.00","1449.00","0.27","9","13041","13041"
"01.10.2019","1450.00","1450.00","1430.00","1445.04","1.05","645","932050","932050"
"30.9.2019","1430.00","1430.00","1430.00","1430.00","-0.50","240","343200","343200"
"27.9.2019","1430.00","1449.00","1430.00","1437.12","-0.89","800","1149700","1149700"
"26.9.2019","1450.00","1450.00","1450.00","1450.00","0.00","2300","3335000","3335000"
"25.9.2019","1450.00","1450.00","1450.00","1450.00","-0.06","1000","1450000","1450000"
"24.9.2019","1450.00","1470.00","1450.00","1450.85","-0.09","1420","2060200","2060200"
"23.9.2019","1470.00","1470.00","1450.00","1452.09","0.13","1675","2432250","2432250"
"19.9.2019","1450.00","1470.00","1445.00","1450.25","0.13","1318","1911430","1911430"
"18.9.2019","1450.00","1451.00","1440.00","1448.32","-2.14","1738","2517173","2517173"
"11.9.2019","1480.00","1480.00","1480.00","1480.00","0.54","400","592000","592000"
"04.9.2019","1493.00","1493.00","1450.00","1472.11","1.52","285","419550","419550"
"03.9.2019","1450.00","1450.00","1450.00","1450.00","-3.33","320","464000","464000"
"29.8.2019","1500.00","1500.00","1500.00","1500.00","0.25","572","858000","858000"
"27.8.2019","1500.00","1500.00","1461.00","1496.29","2.77","427","638917","638917"
"23.8.2019","1455.00","1500.00","1455.00","1455.99","-2.93","681","991530","991530"
"22.8.2019","1500.00","1500.00","1500.00","1500.00","1.18","130","195000","195000"
"21.8.2019","1493.00","1493.00","1411.00","1482.46","2.24","515","763465","763465"
"20.8.2019","1450.00","1450.00","1450.00","1450.00","0.69","144","208800","208800"
"19.8.2019","1440.00","1440.00","1440.00","1440.00","-0.57","340","489600","3546150"
"16.8.2019","1440.00","1450.00","1440.00","1448.21","-0.06","335","485150","485150"
"14.8.2019","1450.00","1450.00","1444.00","1449.14","1.34","371","537630","537630"
"13.8.2019","1430.00","1430.00","1430.00","1430.00","0.23","10","14300","14300"
"09.8.2019","1430.00","1430.00","1420.00","1426.67","4.47","300","428000","428000"
"08.8.2019","1400.00","1400.00","1357.00","1365.60","0.34","10","13656","13656"
"07.8.2019","1361.00","1390.00","1356.00","1360.96","0.66","165","224558","224558"
"06.8.2019","1352.00","1352.00","1352.00","1352.00","-1.02","400","540800","540800"
"05.8.2019","1394.00","1394.00","1352.00","1366.00","0.86","600","819600","819600"
"31.7.2019","1352.00","1368.00","1352.00","1354.35","0.32","680","920960","920960"
"30.7.2019","1350.00","1350.00","1350.00","1350.00","1.21","50","67500","67500"
"29.7.2019","1330.00","1345.00","1330.00","1333.89","0.29","162","216090","216090"
"25.7.2019","1330.00","1330.00","1330.00","1330.00","0.00","230","305900","305900"
"24.7.2019","1330.00","1330.00","1330.00","1330.00","-0.75","100","133000","133000"
"23.7.2019","1340.00","1340.00","1340.00","1340.00","0.00","110","147400","147400"
"22.7.2019","1340.00","1340.00","1340.00","1340.00","1.95","640","857600","857600"
"19.7.2019","1314.00","1315.00","1314.00","1314.43","0.91","350","460050","460050"
"17.7.2019","1310.00","1310.00","1302.00","1302.61","-2.79","487","634370","634370"
"16.7.2019","1340.00","1340.00","1340.00","1340.00","0.87","232","310880","310880"
"15.7.2019","1331.00","1338.00","1320.00","1328.38","2.18","547","726623","726623"
"10.7.2019","1300.00","1300.00","1300.00","1300.00","0.00","3000","3900000","3900000"
"09.7.2019","1300.00","1300.00","1300.00","1300.00","0.00","100","130000","130000"
"08.7.2019","1300.00","1301.00","1300.00","1300.06","0.04","3360","4368200","4368200"
"05.7.2019","1315.00","1315.00","1299.00","1299.52","-0.04","2668","3467115","3467115"
"04.7.2019","1300.00","1300.00","1300.00","1300.00","0.00","8100","10530000","10530000"
"03.7.2019","1300.00","1300.00","1300.00","1300.00","1.56","450","585000","585000"
"01.7.2019","1290.00","1290.00","1265.00","1280.00","-0.78","75","96000","96000"
"28.6.2019","1290.00","1290.00","1290.00","1290.00","2.38","25","32250","32250"
"17.6.2019","1260.00","1260.00","1260.00","1260.00","-1.55","80","100800","100800"
"13.6.2019","1271.00","1300.00","1271.00","1279.84","-1.55","656","839576","839576"
"12.6.2019","1300.00","1300.00","1300.00","1300.00","0.00","100","130000","130000"
"06.6.2019","1300.00","1300.00","1300.00","1300.00","0.00","500","650000","650000"
"30.5.2019","1300.00","1300.00","1300.00","1300.00","0.00","100","130000","130000"
"28.5.2019","1300.00","1301.00","1300.00","1300.03","-0.15","300","390010","390010"
"21.5.2019","1301.00","1303.00","1301.00","1302.00","-0.89","150","195300","195300"
"20.5.2019","1300.00","1330.00","1300.00","1313.75","-0.47","24","31530","31530"
"17.5.2019","1330.00","1330.00","1307.00","1319.93","1.04","434","572850","572850"
"16.5.2019","1307.00","1307.00","1306.00","1306.35","0.28","286","373616","373616"
"14.5.2019","1303.00","1303.00","1302.00","1302.74","0.21","182","237098","237098"
"10.5.2019","1300.00","1300.00","1300.00","1300.00","0.12","258","335400","335400"
"09.5.2019","1300.00","1300.00","1288.00","1298.47","3.05","565","733633","733633"
"07.5.2019","1260.00","1260.00","1260.00","1260.00","-8.71","4","5040","5040"
"17.4.2019","1380.00","1385.00","1380.00","1380.18","0.02","417","575535","575535"
"16.4.2019","1380.00","1380.00","1379.00","1379.95","-0.08","540","745175","745175"
"15.4.2019","1380.00","1385.00","1380.00","1381.03","0.07","638","881100","881100"
"12.4.2019","1380.00","1380.00","1380.00","1380.00","-0.03","100","138000","138000"
"11.4.2019","1380.00","1385.00","1380.00","1380.45","-0.02","330","455550","455550"
"10.4.2019","1380.00","1385.00","1380.00","1380.73","-0.23","480","662750","662750"
"09.4.2019","1385.00","1385.00","1380.00","1383.86","0.35","1398","1934630","1934630"
"08.4.2019","1376.00","1381.00","1376.00","1379.08","-0.16","369","508879","508879"
"05.4.2019","1385.00","1385.00","1380.00","1381.26","-0.22","796","1099480","1099480"
"03.4.2019","1384.00","1389.00","1380.00","1384.27","0.35","1500","2076400","2076400"
"02.4.2019","1380.00","1380.00","1375.00","1379.40","0.34","751","1035930","1035930"
"01.4.2019","1380.00","1380.00","1370.00","1374.72","-0.38","1061","1458580","1458580"
"29.3.2019","1380.00","1380.00","1380.00","1380.00","0.00","145","200100","200100"
"27.3.2019","1380.00","1380.00","1380.00","1380.00","0.73","20","27600","1821600"
"26.3.2019","1370.00","1370.00","1370.00","1370.00","-0.72","70","95900","95900"
"15.3.2019","1380.00","1380.00","1380.00","1380.00","-0.77","103","142140","142140"
"14.3.2019","1380.00","1398.00","1380.00","1390.67","0.74","345","479780","479780"
"13.3.2019","1400.00","1400.00","1380.00","1380.39","-0.69","530","731607","731607"
"11.3.2019","1390.00","1390.00","1390.00","1390.00","0.00","2177","3026030","3026030"
"08.3.2019","1390.00","1390.00","1390.00","1390.00","-0.27","485","674150","674150"
"07.3.2019","1389.00","1400.00","1389.00","1393.75","-0.09","715","996530","8287080"
"06.3.2019","1390.00","1400.00","1390.00","1395.00","-0.36","200","279000","279000"
"05.3.2019","1400.00","1400.00","1400.00","1400.00","0.72","50","70000","70000"
"04.3.2019","1390.00","1390.00","1390.00","1390.00","0.65","10","13900","13900"
"28.2.2019","1380.00","1400.00","1380.00","1381.01","-0.65","8534","11785560","17305560"
"26.2.2019","1390.00","1390.00","1390.00","1390.00","-1.37","100","139000","139000"
"25.2.2019","1410.00","1410.00","1380.00","1409.35","0.67","410","577835","577835"
"21.2.2019","1400.00","1400.00","1400.00","1400.00","1.45","52","72800","72800"
"20.2.2019","1380.00","1380.00","1370.00","1379.95","0.00","646","891450","891450"
"19.2.2019","1380.00","1380.00","1380.00","1380.00","0.00","295","407100","407100"
"18.2.2019","1380.00","1380.00","1380.00","1380.00","0.00","468","645840","645840"
"15.2.2019","1380.00","1381.00","1380.00","1380.02","-2.13","810","1117813","1117813"
"14.2.2019","1410.00","1410.00","1410.00","1410.00","2.92","100","141000","141000"
"13.2.2019","1370.00","1370.00","1370.00","1370.00","0.84","100","137000","137000"
"12.2.2019","1360.00","1360.00","1352.00","1358.56","-0.79","265","360018","360018"
"08.2.2019","1370.00","1370.00","1360.00","1369.36","1.33","391","535420","535420"
"06.2.2019","1355.00","1355.00","1350.00","1351.32","-0.04","1613","2179687","2179687"
"05.2.2019","1352.00","1352.00","1349.00","1351.81","1.35","225","304158","304158"
"04.2.2019","1330.00","1349.00","1330.00","1333.80","-0.10","80","106704","106704"
"01.2.2019","1340.00","1340.00","1320.00","1335.15","1.15","330","440600","440600"
"31.1.2019","1320.00","1320.00","1320.00","1320.00","-1.83","10","13200","13200"
"29.1.2019","1340.00","1350.00","1340.00","1344.61","-0.40","371","498850","498850"
"28.1.2019","1350.00","1350.00","1350.00","1350.00","0.12","210","283500","283500"
"25.1.2019","1350.00","1350.00","1340.00","1348.42","-0.12","219","295305","295305"
"22.1.2019","1350.00","1350.00","1350.00","1350.00","0.17","100","135000","135000"
"21.1.2019","1350.00","1350.00","1310.00","1347.72","-0.17","570","768200","768200"
"17.1.2019","1350.00","1350.00","1350.00","1350.00","0.00","18","24300","24300"
"15.1.2019","1350.00","1350.00","1350.00","1350.00","0.00","800","1080000","1080000"
"14.1.2019","1350.00","1350.00","1350.00","1350.00","0.00","850","1147500","1147500"
"11.1.2019","1350.00","1350.00","1350.00","1350.00","0.00","502","677700","677700"
"10.1.2019","1350.00","1350.00","1350.00","1350.00","0.07","95","128250","128250"
"09.1.2019","1349.00","1349.00","1349.00","1349.00","3.89","200","269800","269800"
"08.1.2019","1292.00","1350.00","1292.00","1298.44","0.35","45","58430","58430"
"04.1.2019","1310.00","1310.00","1280.00","1293.96","-1.22","187","241970","1777970"
"03.1.2019","1310.00","1310.00","1310.00","1310.00","-2.96","463","606530","606530"
"02.1.2019","1350.00","1350.00","1350.00","1350.00","5.96","5","6750","6750"
"30.12.2020","1355.00","1355.00","1350.00","1353.75","1.10","80","108300","108300"
"29.12.2020","1339.00","1339.00","1339.00","1339.00","3.00","10","13390","13390"
"16.12.2020","1300.00","1300.00","1300.00","1300.00","0.00","60","78000","78000"
"15.12.2020","1300.00","1300.00","1300.00","1300.00","0.00","317","412100","412100"
"11.12.2020","1300.00","1300.00","1300.00","1300.00","0.00","100","130000","130000"
"10.12.2020","1300.00","1300.00","1300.00","1300.00","0.00","67","87100","87100"
"07.12.2020","1300.00","1300.00","1300.00","1300.00","0.00","11","14300","14300"
"04.12.2020","1300.00","1300.00","1300.00","1300.00","0.00","14","18200","18200"
"27.11.2020","1300.00","1300.00","1300.00","1300.00","0.70","32","41600","41600"
"26.11.2020","1292.00","1292.00","1290.00","1291.00","-0.08","300","387300","387300"
"24.11.2020","1292.00","1292.00","1292.00","1292.00","3.00","95","122740","122740"
"19.11.2020","1250.00","1260.00","1250.00","1254.40","-0.44","50","62720","62720"
"18.11.2020","1260.00","1260.00","1260.00","1260.00","0.63","50","63000","63000"
"16.11.2020","1251.00","1270.00","1251.00","1252.14","-2.86","833","1043033","1043033"
"13.11.2020","1289.00","1289.00","1289.00","1289.00","2.96","100","128900","128900"
"12.11.2020","1252.00","1252.00","1252.00","1252.00","-2.95","7","8764","8764"
"06.11.2020","1290.00","1290.00","1290.00","1290.00","0.70","308","397320","397320"
"03.11.2020","1281.00","1281.00","1281.00","1281.00","-0.70","30","38430","38430"
"02.11.2020","1290.00","1290.00","1290.00","1290.00","-0.11","100","129000","129000"
"30.10.2020","1290.00","1300.00","1280.00","1291.39","0.77","459","592750","592750"
"29.10.2020","1281.00","1282.00","1281.00","1281.54","-1.42","56","71766","71766"
"28.10.2020","1300.00","1300.00","1300.00","1300.00","0.00","119","154700","154700"
"27.10.2020","1300.00","1300.00","1300.00","1300.00","0.85","200","260000","260000"
"21.10.2020","1290.00","1290.00","1285.00","1289.00","0.70","100","128900","128900"
"16.10.2020","1280.00","1280.00","1280.00","1280.00","-1.57","99","126720","126720"
"15.10.2020","1300.00","1301.00","1300.00","1300.41","0.03","81","105333","105333"
"08.10.2020","1300.00","1300.00","1300.00","1300.00","-0.08","67","87100","87100"
"05.10.2020","1301.00","1301.00","1301.00","1301.00","0.08","870","1131870","1131870"
"29.9.2020","1300.00","1300.00","1300.00","1300.00","-4.37","15","19500","19500"
"28.9.2020","1360.00","1360.00","1356.00","1359.34","0.69","244","331680","331680"
"25.9.2020","1350.00","1350.00","1350.00","1350.00","2.27","67","90450","90450"
"23.9.2020","1320.00","1320.00","1320.00","1320.00","-2.22","50","66000","66000"
"22.9.2020","1350.00","1350.00","1350.00","1350.00","0.00","866","1169100","1169100"
"21.9.2020","1350.00","1350.00","1350.00","1350.00","1.13","211","284850","284850"
"18.9.2020","1355.00","1355.00","1317.00","1334.97","4.34","829","1106689","1106689"
"14.9.2020","1280.00","1280.00","1279.00","1279.39","0.03","258","330083","330083"
"09.9.2020","1279.00","1279.00","1279.00","1279.00","-0.08","5","6395","6395"
"21.8.2020","1280.00","1280.00","1280.00","1280.00","0.00","99","126720","126720"
"20.8.2020","1280.00","1280.00","1280.00","1280.00","-0.08","415","531200","531200"
"18.8.2020","1280.00","1300.00","1280.00","1280.98","-1.46","1929","2471020","2471020"
"14.8.2020","1300.00","1300.00","1300.00","1300.00","0.00","36","46800","46800"
"31.7.2020","1300.00","1300.00","1300.00","1300.00","0.00","692","899600","899600"
"29.7.2020","1300.00","1300.00","1298.00","1299.95","0.07","1313","1706832","1706832"
"24.7.2020","1299.00","1299.00","1299.00","1299.00","-0.08","110","142890","142890"
"21.7.2020","1300.00","1300.00","1300.00","1300.00","0.00","2","2600","2600"
"20.7.2020","1300.00","1300.00","1300.00","1300.00","1.40","30","39000","4514655"
"17.7.2020","1282.00","1282.00","1282.00","1282.00","0.00","80","102560","102560"
"14.7.2020","1282.00","1282.00","1282.00","1282.00","0.00","20","25640","25640"
"13.7.2020","1282.00","1282.00","1282.00","1282.00","9.57","5","6410","6410"
"10.7.2020","1210.00","","","1170.00","0.00","0","0","3949800"
"17.6.2020","1210.00","1210.00","1160.00","1170.00","0.86","200","234000","234000"
"10.6.2020","1160.00","1160.00","1160.00","1160.00","-1.85","200","232000","232000"
"09.6.2020","1182.00","1182.00","1181.00","1181.83","0.16","24","28364","28364"
"04.6.2020","1180.00","1180.00","1180.00","1180.00","-2.88","514","606520","606520"
"02.6.2020","1215.00","1215.00","1215.00","1215.00","-2.80","100","121500","121500"
"29.5.2020","1250.00","1250.00","1250.00","1250.00","2.46","35","43750","43750"
"28.5.2020","1220.00","1220.00","1220.00","1220.00","1.67","80","97600","97600"
"27.5.2020","1200.00","1200.00","1200.00","1200.00","-0.41","155","186000","186000"
"26.5.2020","1205.00","1205.00","1205.00","1205.00","-2.98","20","24100","3934100"
"22.5.2020","1242.00","1242.00","1242.00","1242.00","-1.50","150","186300","186300"
"21.5.2020","1260.00","1262.00","1260.00","1260.88","-0.10","228","287480","287480"
"19.5.2020","1262.00","1263.00","1262.00","1262.10","-1.40","194","244848","244848"
"18.5.2020","1280.00","1280.00","1280.00","1280.00","-0.31","35","44800","44800"
"14.5.2020","1280.00","1290.00","1280.00","1283.98","-0.31","166","213140","213140"
"13.5.2020","1290.00","1290.00","1282.00","1287.95","0.53","390","502300","502300"
"12.5.2020","1280.00","1282.00","1280.00","1281.15","-0.07","235","301070","301070"
"11.5.2020","1280.00","1286.00","1280.00","1282.00","-0.31","120","153840","153840"
"08.5.2020","1286.00","1286.00","1286.00","1286.00","0.05","250","321500","321500"
"07.5.2020","1286.00","1286.00","1262.00","1285.31","-0.05","350","449860","449860"
"06.5.2020","1286.00","1286.00","1286.00","1286.00","0.00","220","282920","282920"
"05.5.2020","1286.00","1286.00","1286.00","1286.00","-2.94","400","514400","514400"
"04.5.2020","1325.00","1325.00","1325.00","1325.00","-5.13","73","96725","96725"
"30.4.2020","1350.00","1400.00","1350.00","1396.60","1.79","256","357530","357530"
"29.4.2020","1372.00","1372.00","1372.00","1372.00","2.95","190","260680","260680"
"28.4.2020","1337.00","1337.00","1330.00","1332.75","9.61","600","799652","799652"
"23.4.2020","1215.00","1245.00","1215.00","1215.87","0.04","103","125235","125235"
"22.4.2020","1215.00","1216.00","1215.00","1215.39","-9.78","493","599188","599188"
"21.4.2020","1343.00","1350.00","1343.00","1347.13","-0.10","1158","1559978","1559978"
"16.4.2020","1347.00","1350.00","1347.00","1348.47","-0.11","681","918308","918308"
"14.4.2020","1350.00","1350.00","1350.00","1350.00","-0.37","344","464400","464400"
"13.4.2020","1355.00","1355.00","1355.00","1355.00","2.96","100","135500","135500"
"10.4.2020","1316.00","1316.00","1316.00","1316.00","-2.85","87","114492","114492"
"07.4.2020","1350.00","1370.00","1327.00","1354.67","4.21","1740","2357118","2357118"
"06.4.2020","1300.00","1300.00","1300.00","1300.00","7.44","312","405600","405600"
"03.4.2020","1210.00","1210.00","1210.00","1210.00","10.00","450","544500","544500"
"01.4.2020","1100.00","1100.00","1100.00","1100.00","-5.66","2","2200","5502200"
"31.3.2020","1166.00","1166.00","1166.00","1166.00","10.00","50","58300","58300"
"30.3.2020","1060.00","1060.00","1060.00","1060.00","-2.13","250","265000","265000"
"27.3.2020","1083.00","1090.00","1083.00","1083.11","-9.92","2215","2399090","2399090"
"26.3.2020","1176.00","1210.00","1176.00","1202.44","-2.95","262","315040","315040"
"25.3.2020","1258.00","1258.00","1211.00","1238.95","3.36","1177","1458247","1458247"
"24.3.2020","1200.00","1212.00","1195.00","1198.68","-1.13","2674","3205280","3205280"
"20.3.2020","1220.00","1223.00","1183.00","1212.42","4.02","5763","6987153","6987153"
"19.3.2020","1159.00","1220.00","1159.00","1165.57","-4.46","1857","2164463","2164463"
"18.3.2020","1220.00","1220.00","1220.00","1220.00","-4.99","3675","4483500","4483500"
"17.3.2020","1285.00","1300.00","1283.00","1284.05","-4.89","1220","1566540","1566540"
"16.3.2020","1350.00","1350.00","1350.00","1350.00","-9.97","200","270000","270000"
"13.3.2020","1500.00","1539.00","1450.00","1499.58","5.52","714","1070700","1070700"
"12.3.2020","1400.00","1600.00","1400.00","1421.19","-8.61","135","191860","191860"
"11.3.2020","1555.00","1555.00","1555.00","1555.00","-2.97","500","777500","4393500"
"10.3.2020","1600.00","1638.00","1600.00","1602.56","-2.19","4114","6592939","6592939"
"09.3.2020","1638.00","1640.00","1638.00","1638.40","-2.97","470","770050","2954050"
"06.3.2020","1646.00","1700.00","1646.00","1688.54","0.93","720","1215750","1215750"
"05.3.2020","1662.00","1680.00","1662.00","1673.00","0.95","500","836500","836500"
"04.3.2020","1652.00","1660.00","1651.00","1657.23","0.42","1228","2035078","2035078"
"03.3.2020","1650.00","1651.00","1650.00","1650.22","-0.20","1473","2430770","2430770"
"02.3.2020","1690.00","1690.00","1650.00","1653.53","0.96","907","1499750","6651750"
"28.2.2020","1637.00","1639.00","1608.00","1637.77","-3.53","2589","4240196","4240196"
"27.2.2020","1620.00","","","1697.77","0.00","0","0","7267000"
"26.2.2020","1620.00","1699.00","1620.00","1697.77","-0.13","3200","5432850","5432850"
"24.2.2020","1700.00","1700.00","1700.00","1700.00","0.00","1885","3204500","3204500"
"21.2.2020","1700.00","1700.00","1700.00","1700.00","0.01","750","1275000","1275000"
"17.2.2020","1700.00","1700.00","1699.00","1699.84","-0.01","317","538850","538850"
"14.2.2020","1700.00","1700.00","1700.00","1700.00","-0.06","36","61200","61200"
"13.2.2020","1700.00","1704.00","1700.00","1701.10","1.53","730","1241800","1241800"
"12.2.2020","1701.00","1704.00","1650.00","1675.50","1.28","1157","1938550","1938550"
"11.2.2020","1656.00","1664.00","1650.00","1654.38","-2.68","1940","3209493","3209493"
"10.2.2020","1700.00","1700.00","1700.00","1700.00","2.82","151","256700","256700"
"07.2.2020","1653.00","1680.00","1652.00","1653.31","-2.24","1116","1845096","1845096"
"06.2.2020","1690.00","1700.00","1690.00","1691.12","0.58","348","588510","588510"
"05.2.2020","1690.00","1690.00","1680.00","1681.33","0.08","1875","3152500","3152500"
"31.1.2020","1680.00","1680.00","1680.00","1680.00","1.96","500","840000","840000"
"29.1.2020","1648.00","1648.00","1647.00","1647.63","-0.14","583","960566","960566"
"27.1.2020","1650.00","1650.00","1650.00","1650.00","-0.38","124","204600","204600"
"24.1.2020","1649.00","1700.00","1649.00","1656.29","-2.57","700","1159400","1159400"
"23.1.2020","1700.00","1700.00","1700.00","1700.00","-0.16","10","17000","17000"
"22.1.2020","1700.00","1750.00","1700.00","1702.68","0.76","317","539750","539750"
"21.1.2020","1698.00","1698.00","1650.00","1689.90","2.76","385","650610","650610"
"20.1.2020","1650.00","1650.00","1640.00","1644.55","2.78","275","452250","452250"
"17.1.2020","1600.00","1600.00","1600.00","1600.00","1.78","100","160000","160000"
"13.1.2020","1572.00","1572.00","1572.00","1572.00","1.39","150","235800","235800"
"10.1.2020","1550.00","1555.00","1549.00","1550.50","0.03","634","983016","983016"
"09.1.2020","1550.00","1550.00","1550.00","1550.00","0.45","1500","2325000","2325000"
"08.1.2020","1540.00","1550.00","1540.00","1543.10","-0.92","290","447500","447500"
"03.1.2020","1560.00","1560.00","1550.00","1557.50","-0.04","400","623000","623000"
"28.12.2021","1430.00","1430.00","1430.00","1430.00","2.15","87","124410","124410"
"27.12.2021","1400.00","1400.00","1399.00","1399.92","0.72","357","499772","499772"
"24.12.2021","1358.00","1399.00","1358.00","1389.90","-0.65","293","407242","407242"
"23.12.2021","1399.00","1399.00","1399.00","1399.00","-0.07","383","535817","535817"
"21.12.2021","1400.00","1400.00","1400.00","1400.00","7.28","70","98000","98000"
"15.12.2021","1305.00","1305.00","1305.00","1305.00","-6.79","306","399330","399330"
"14.12.2021","1400.00","1400.00","1400.00","1400.00","0.06","51","71400","71400"
"13.12.2021","1400.00","1400.00","1399.00","1399.12","0.01","432","604418","604418"
"07.12.2021","1399.00","1399.00","1399.00","1399.00","-0.07","5","6995","6995"
"06.12.2021","1400.00","1400.00","1400.00","1400.00","-0.01","500","700000","700000"
"02.12.2021","1400.00","1405.00","1400.00","1400.15","-1.03","103","144215","144215"
"30.11.2021","1405.00","1420.00","1405.00","1414.67","0.33","90","127320","127320"
"29.11.2021","1410.00","1410.00","1410.00","1410.00","0.00","42","59220","59220"
"19.11.2021","1410.00","1410.00","1410.00","1410.00","-0.24","1526","2151660","2151660"
"12.11.2021","1430.00","1430.00","1400.00","1413.45","0.96","203","286930","286930"
"11.11.2021","1400.00","1400.00","1400.00","1400.00","-0.71","48","67200","67200"
"10.11.2021","1410.00","1410.00","1410.00","1410.00","0.13","143","201630","201630"
"08.11.2021","1400.00","1430.00","1400.00","1408.14","-2.21","472","664640","664640"
"05.11.2021","1440.00","1440.00","1440.00","1440.00","2.13","5","7200","7200"
"02.11.2021","1410.00","1410.00","1410.00","1410.00","-6.00","10","14100","14100"
"01.11.2021","1500.00","1500.00","1500.00","1500.00","0.00","5","7500","7500"
"28.10.2021","1500.00","1500.00","1500.00","1500.00","-2.28","10","15000","15000"
"22.10.2021","1535.00","1535.00","1535.00","1535.00","2.72","5","7675","7675"
"21.10.2021","1540.00","1540.00","1451.00","1494.37","6.74","256","382559","382559"
"14.10.2021","1400.00","1400.00","1400.00","1400.00","-0.05","152","212800","212800"
"13.10.2021","1400.00","1410.00","1399.00","1400.77","1.51","1300","1821000","1821000"
"12.10.2021","1380.00","1380.00","1380.00","1380.00","-1.43","109","150420","150420"
"08.10.2021","1400.00","1400.00","1400.00","1400.00","0.00","9","12600","12600"
"07.10.2021","1400.00","1400.00","1400.00","1400.00","0.00","82","114800","114800"
"05.10.2021","1400.00","1400.00","1400.00","1400.00","0.00","300","420000","420000"
"04.10.2021","1400.00","1400.00","1400.00","1400.00","-0.71","151","211400","211400"
"30.9.2021","1410.00","1410.00","1410.00","1410.00","0.00","212","298920","298920"
"29.9.2021","1410.00","1410.00","1410.00","1410.00","0.00","100","141000","141000"
"28.9.2021","1410.00","1410.00","1410.00","1410.00","0.00","100","141000","141000"
"27.9.2021","1410.00","1410.00","1410.00","1410.00","0.00","179","252390","252390"
"24.9.2021","1410.00","1410.00","1410.00","1410.00","0.00","14","19740","19740"
"22.9.2021","1410.00","1410.00","1410.00","1410.00","0.00","271","382110","382110"
"21.9.2021","1410.00","1410.00","1410.00","1410.00","-2.63","705","994050","994050"
"13.9.2021","1450.00","1450.00","1440.00","1448.04","-0.14","1040","1505960","1505960"
"09.9.2021","1450.00","1450.00","1450.00","1450.00","0.00","220","319000","319000"
"07.9.2021","1450.00","1450.00","1450.00","1450.00","0.08","250","362500","362500"
"06.9.2021","1430.00","1450.00","1430.00","1448.91","-0.08","549","795450","795450"
"01.9.2021","1450.00","1450.00","1450.00","1450.00","0.00","361","523450","523450"
"31.8.2021","1450.00","1450.00","1450.00","1450.00","0.00","167","242150","242150"
"30.8.2021","1450.00","1450.00","1450.00","1450.00","0.05","172","249400","249400"
"27.8.2021","1450.00","1450.00","1417.00","1449.29","0.58","1821","2639163","2639163"
"26.8.2021","1450.00","1450.00","1426.00","1441.00","-0.62","96","138336","138336"
"25.8.2021","1450.00","1450.00","1450.00","1450.00","-0.34","250","362500","362500"
"24.8.2021","1455.00","1455.00","1455.00","1455.00","-3.00","1355","1971525","1971525"
"20.8.2021","1500.00","1500.00","1500.00","1500.00","6.01","5","7500","7500"
"17.8.2021","1415.00","1415.00","1415.00","1415.00","1.43","45","63675","63675"
"16.8.2021","1395.00","1395.00","1395.00","1395.00","0.82","76","106020","106020"
"11.8.2021","1380.00","1399.00","1380.00","1383.68","-7.16","124","171576","171576"
"09.8.2021","1471.00","1500.00","1471.00","1490.33","-1.68","375","558875","558875"
"06.8.2021","1500.00","1520.00","1500.00","1515.86","0.19","645","977730","977730"
"05.8.2021","1525.00","1525.00","1500.00","1512.96","2.23","277","419090","419090"
"04.8.2021","1480.00","1480.00","1479.00","1479.91","0.74","333","492810","2980860"
"30.7.2021","1469.00","1469.00","1469.00","1469.00","0.00","157","230633","230633"
"23.7.2021","1469.00","1469.00","1469.00","1469.00","0.00","25","36725","36725"
"20.7.2021","1469.00","1469.00","1469.00","1469.00","2.94","617","906373","906373"
"15.7.2021","1427.00","1427.00","1427.00","1427.00","-3.58","40","57080","57080"
"13.7.2021","1480.00","1480.00","1480.00","1480.00","3.79","6","8880","8880"
"09.7.2021","1426.00","1426.00","1426.00","1426.00","-4.30","120","171120","171120"
"08.7.2021","1490.00","1490.00","1490.00","1490.00","2.05","5","7450","7450"
"06.7.2021","1460.00","1460.00","1460.00","1460.00","-0.01","100","146000","146000"
"30.6.2021","1451.00","1465.00","1451.00","1460.18","-1.13","626","914074","914074"
"28.6.2021","1475.00","1495.00","1475.00","1476.82","-1.22","110","162450","162450"
"24.6.2021","1495.00","1495.00","1495.00","1495.00","0.00","4","5980","5980"
"22.6.2021","1495.00","1495.00","1495.00","1495.00","-0.33","10","14950","14950"
"14.6.2021","1500.00","1500.00","1500.00","1500.00","1.28","10","15000","15000"
"10.6.2021","1481.00","1481.00","1481.00","1481.00","-1.23","5","7405","7405"
"08.6.2021","1500.00","1500.00","1499.00","1499.49","0.15","1954","2930000","2930000"
"04.6.2021","1500.00","1500.00","1490.00","1497.19","-0.19","285","426700","426700"
"03.6.2021","1500.00","1500.00","1500.00","1500.00","0.00","350","525000","525000"
"01.6.2021","1500.00","1500.00","1500.00","1500.00","-0.99","110","165000","165000"
"31.5.2021","1515.00","1515.00","1515.00","1515.00","-0.33","12","18180","18180"
"27.5.2021","1520.00","1520.00","1520.00","1520.00","1.33","20","30400","30400"
"26.5.2021","1500.00","1500.00","1500.00","1500.00","0.03","35","52500","52500"
"21.5.2021","1500.00","1500.00","1499.00","1499.56","1.32","450","674800","674800"
"20.5.2021","1480.00","1480.00","1480.00","1480.00","0.68","70","103600","103600"
"17.5.2021","1470.00","1470.00","1470.00","1470.00","-0.37","30","44100","44100"
"12.5.2021","1500.00","1500.00","1470.00","1475.51","-0.30","490","723000","723000"
"06.5.2021","1480.00","1480.00","1480.00","1480.00","-1.33","29","42920","42920"
"29.4.2021","1500.00","1500.00","1500.00","1500.00","2.00","100","150000","150000"
"28.4.2021","1470.00","1480.00","1470.00","1470.60","0.04","200","294120","294120"
"27.4.2021","1470.00","1470.00","1470.00","1470.00","1.16","500","735000","735000"
"22.4.2021","1485.00","1485.00","1450.00","1453.18","0.22","220","319700","319700"
"20.4.2021","1450.00","1450.00","1450.00","1450.00","0.00","120","174000","174000"
"19.4.2021","1450.00","1450.00","1450.00","1450.00","0.08","20","29000","29000"
"15.4.2021","1450.00","1450.00","1415.00","1448.90","2.11","701","1015680","1015680"
"13.4.2021","1419.00","1419.00","1419.00","1419.00","0.28","206","292314","292314"
"12.4.2021","1415.00","1415.00","1415.00","1415.00","0.00","240","339600","339600"
"09.4.2021","1415.00","1415.00","1415.00","1415.00","1.07","100","141500","141500"
"24.3.2021","1400.00","1400.00","1400.00","1400.00","0.00","430","602000","602000"
"22.3.2021","1400.00","1400.00","1400.00","1400.00","0.03","50","70000","70000"
"16.3.2021","1400.00","1400.00","1395.00","1399.64","0.14","1077","1507415","1507415"
"12.3.2021","1400.00","1400.00","1330.00","1397.70","0.55","87","121600","121600"
"05.3.2021","1390.00","1390.00","1390.00","1390.00","-0.71","25","34750","34750"
"02.3.2021","1400.00","1400.00","1400.00","1400.00","2.97","250","350000","350000"
"01.3.2021","1370.00","1380.00","1351.00","1359.63","-3.36","2350","3195125","3195125"
"26.2.2021","1380.00","1430.00","1380.00","1406.83","-1.86","1575","2215750","2215750"
"18.2.2021","1440.00","1440.00","1430.00","1433.47","-0.78","288","412840","412840"
"17.2.2021","1430.00","1450.00","1430.00","1444.71","-0.36","190","274495","274495"
"15.2.2021","1450.00","1450.00","1450.00","1450.00","3.47","514","745300","745300"
"12.2.2021","1420.00","1420.00","1400.00","1401.44","-0.04","700","981010","981010"
"11.2.2021","1400.00","1420.00","1400.00","1401.94","-0.02","465","651900","651900"
"10.2.2021","1400.00","1420.00","1400.00","1402.27","0.92","2200","3085000","3085000"
"08.2.2021","1390.00","1390.00","1385.00","1389.43","-0.38","1749","2430110","2430110"
"05.2.2021","1390.00","1400.00","1390.00","1394.75","-0.38","1048","1461700","1461700"
"03.2.2021","1400.00","1400.00","1400.00","1400.00","1.82","100","140000","140000"
"01.2.2021","1375.00","1375.00","1375.00","1375.00","-0.11","200","275000","275000"
"29.1.2021","1375.00","1381.00","1375.00","1376.49","-1.68","306","421206","421206"
"28.1.2021","1400.00","1400.00","1400.00","1400.00","0.00","286","400400","400400"
"26.1.2021","1400.00","1400.00","1400.00","1400.00","0.00","370","518000","518000"
"22.1.2021","1400.00","1400.00","1400.00","1400.00","-1.41","186","260400","260400"
"20.1.2021","1420.00","1420.00","1420.00","1420.00","2.79","5","7100","7100"
"13.1.2021","1375.00","1400.00","1375.00","1381.45","0.47","155","214125","214125"
"08.1.2021","1375.00","1375.00","1375.00","1375.00","-0.58","13","17875","17875"
"05.1.2021","1353.00","1394.00","1353.00","1383.03","2.16","71","98195","98195"
"21.12.2022","1355.00","1355.00","1355.00","1355.00","0.15","70","94850","94850"
"13.12.2022","1353.00","1353.00","1353.00","1353.00","-5.65","15","20295","20295"
"07.12.2022","1434.00","1434.00","1434.00","1434.00","5.44","10","14340","14340"
"14.11.2022","1360.00","1360.00","1360.00","1360.00","0.00","20","27200","27200"
"08.11.2022","1360.00","1360.00","1360.00","1360.00","-2.86","70","95200","95200"
"26.10.2022","1400.00","1400.00","1400.00","1400.00","4.24","5","7000","7000"
"25.10.2022","1343.00","1343.00","1343.00","1343.00","-2.96","5","6715","6715"
"17.10.2022","1385.00","1385.00","1380.00","1384.14","-0.07","638","883080","883080"
"13.10.2022","1385.00","1385.00","1385.00","1385.00","-1.00","250","346250","346250"
"07.10.2022","1399.00","1399.00","1399.00","1399.00","1.01","21","29379","29379"
"04.10.2022","1389.00","1389.00","1381.00","1384.62","0.36","1426","1974467","1974467"
"30.9.2022","1380.00","1380.00","1380.00","1380.00","0.00","65","89700","89700"
"26.9.2022","1380.00","1380.00","1380.00","1380.00","0.00","100","138000","138000"
"23.9.2022","1380.00","1380.00","1380.00","1380.00","-0.14","300","414000","414000"
"21.9.2022","1380.00","1385.00","1380.00","1381.67","0.14","210","290150","290150"
"20.9.2022","1380.00","1380.00","1380.00","1380.00","-0.86","60","82800","82800"
"16.9.2022","1380.00","1399.00","1380.00","1392.21","0.87","140","194910","194910"
"14.9.2022","1380.00","1380.00","1379.00","1379.98","1.47","3420","4719519","4719519"
"13.9.2022","1360.00","1360.00","1360.00","1360.00","-1.45","19","25840","25840"
"12.9.2022","1399.00","","","1380.19","0.00","0","0","28498500"
"29.8.2022","1399.00","1399.00","1380.00","1380.19","0.00","1010","1393990","1393990"
"26.8.2022","1380.00","1380.00","1380.00","1380.00","0.00","99","136620","136620"
"24.8.2022","1380.00","1380.00","1380.00","1380.00","-1.43","300","414000","414000"
"12.8.2022","1400.00","1400.00","1400.00","1400.00","0.00","82","114800","114800"
"27.7.2022","1400.00","1400.00","1400.00","1400.00","-2.10","10","14000","14000"
"08.7.2022","1430.00","1430.00","1430.00","1430.00","0.00","20","28600","28600"
"06.7.2022","1430.00","1430.00","1430.00","1430.00","0.00","21","30030","30030"
"01.7.2022","1430.00","1430.00","1430.00","1430.00","0.63","450","643500","643500"
"28.6.2022","1430.00","1430.00","1400.00","1420.73","5.26","579","822600","822600"
"27.6.2022","1350.00","1350.00","1350.00","1350.00","-2.17","148","199800","199800"
"17.6.2022","1380.00","1380.00","1380.00","1380.00","-1.43","2","2760","2760"
"09.6.2022","1400.00","1400.00","1400.00","1400.00","0.00","150","210000","210000"
"02.6.2022","1400.00","1400.00","1400.00","1400.00","3.70","403","564200","564200"
"26.5.2022","1350.00","1350.00","1350.00","1350.00","-3.57","85","114750","114750"
"25.5.2022","1400.00","1400.00","1400.00","1400.00","2.94","3","4200","4200"
"17.5.2022","1360.00","1360.00","1360.00","1360.00","0.00","372","505920","505920"
"16.5.2022","1360.00","1360.00","1360.00","1360.00","-2.30","340","462400","10662400"
"13.5.2022","1399.00","1399.00","1350.00","1391.65","-0.57","100","139165","139165"
"12.5.2022","1400.00","1400.00","1400.00","1400.00","0.07","157","219800","219800"
"09.5.2022","1400.00","1400.00","1395.00","1398.57","1.38","140","195800","195800"
"06.5.2022","1380.00","1380.00","1380.00","1380.00","0.00","100","138000","138000"
"05.5.2022","1380.00","1380.00","1380.00","1380.00","0.29","103","142140","142140"
"04.5.2022","1380.00","1380.00","1374.00","1376.34","1.93","82","112860","112860"
"29.4.2022","1350.00","1350.00","1350.00","1350.00","0.00","88","118800","118800"
"26.4.2022","1350.00","1350.00","1350.00","1350.00","0.00","81","109350","109350"
"20.4.2022","1350.00","1350.00","1350.00","1350.00","-2.17","879","1186650","1186650"
"15.4.2022","1380.00","1380.00","1380.00","1380.00","-0.07","775","1069500","1069500"
"14.4.2022","1381.00","1381.00","1380.00","1380.94","0.07","2190","3024260","3024260"
"12.4.2022","1380.00","1380.00","1380.00","1380.00","-0.24","220","303600","303600"
"11.4.2022","1400.00","1400.00","1380.00","1383.34","-0.57","299","413620","413620"
"05.4.2022","1400.00","1400.00","1390.00","1391.22","0.09","148","205900","205900"
"04.4.2022","1390.00","1390.00","1390.00","1390.00","0.03","125","173750","173750"
"01.4.2022","1390.00","1390.00","1330.00","1389.62","-0.03","315","437730","437730"
"31.3.2022","1390.00","1390.00","1390.00","1390.00","0.00","212","294680","294680"
"29.3.2022","1390.00","1390.00","1390.00","1390.00","1.46","599","832610","832610"
"24.3.2022","1370.00","1370.00","1370.00","1370.00","0.07","575","787750","787750"
"23.3.2022","1369.00","1369.00","1369.00","1369.00","0.13","122","167018","167018"
"22.3.2022","1369.00","1369.00","1365.00","1367.23","1.54","1830","2502022","8036889"
"18.3.2022","1340.00","1369.00","1340.00","1346.44","-1.65","9","12118","12118"
"16.3.2022","1369.00","1369.00","1369.00","1369.00","0.00","67","91723","91723"
"15.3.2022","1369.00","1369.00","1369.00","1369.00","-0.01","6","8214","8214"
"11.3.2022","1370.00","1370.00","1350.00","1369.12","4.81","1090","1492340","4232340"
"07.3.2022","1260.00","1312.00","1260.00","1306.33","-3.38","110","143696","143696"
"04.3.2022","1352.00","1352.00","1352.00","1352.00","-2.98","15","20280","20280"
"25.2.2022","1399.00","1399.00","1390.00","1393.55","6.38","743","1035407","1035407"
"23.2.2022","1310.00","1310.00","1310.00","1310.00","-0.02","35","45850","45850"
"22.2.2022","1310.00","1311.00","1310.00","1310.21","-2.95","1515","1984962","11259762"
"18.2.2022","1350.00","1350.00","1350.00","1350.00","1.51","100","135000","135000"
"14.2.2022","1300.00","1365.00","1300.00","1329.96","-4.32","126","167575","167575"
"10.2.2022","1390.00","1390.00","1390.00","1390.00","0.72","50","69500","69500"
"09.2.2022","1380.00","1380.00","1380.00","1380.00","2.02","40","55200","55200"
"08.2.2022","1356.00","1356.00","1350.00","1352.69","-0.39","260","351700","351700"
"04.2.2022","1358.00","1358.00","1358.00","1358.00","-2.93","40","54320","54320"
"03.2.2022","1399.00","1399.00","1399.00","1399.00","-0.57","10","13990","13990"
"01.2.2022","1407.00","1407.00","1407.00","1407.00","-2.97","160","225120","225120"
"28.1.2022","1450.00","1450.00","1450.00","1450.00","6.62","14","20300","20300"
"25.1.2022","1360.00","1360.00","1360.00","1360.00","-0.36","20","27200","27200"
"24.1.2022","1360.00","1400.00","1359.00","1364.90","-2.51","977","1333507","1333507"
"21.1.2022","1400.00","1400.00","1400.00","1400.00","-2.78","20","28000","28000"
"20.1.2022","1440.00","1440.00","1440.00","1440.00","-0.50","100","144000","144000"
"18.1.2022","1449.00","1449.00","1440.00","1447.28","-0.20","359","519575","519575"
"17.1.2022","1449.00","1451.00","1449.00","1450.15","-0.06","943","1367487","1367487"
"13.1.2022","1451.00","1451.00","1451.00","1451.00","0.07","27","39177","39177"
"12.1.2022","1450.00","1450.00","1450.00","1450.00","1.40","400","580000","580000"
"11.1.2022","1430.00","1430.00","1430.00","1430.00","0.00","150","214500","214500"
"04.1.2022","1430.00","1430.00","1430.00","1430.00","0.00","3","4290","4290"
"21.12.2023","1450.00","1450.00","1450.00","1450.00","3.57","20","29000","29000"
"20.12.2023","1400.00","1400.00","1400.00","1400.00","-0.07","2","2800","2800"
"18.12.2023","1401.00","1401.00","1400.00","1400.92","-1.41","242","339022","339022"
"15.12.2023","1420.00","1421.00","1420.00","1420.90","0.99","648","920743","920743"
"13.12.2023","1407.00","1407.00","1407.00","1407.00","-2.97","1100","1547700","1547700"
"07.12.2023","1450.00","1450.00","1450.00","1450.00","3.57","20","29000","29000"
"06.12.2023","1400.00","1400.00","1400.00","1400.00","0.07","837","1171800","1171800"
"05.12.2023","1399.00","1399.00","1399.00","1399.00","0.86","1000","1399000","1399000"
"01.12.2023","1390.00","1390.00","1379.00","1387.08","0.56","214","296835","296835"
"24.11.2023","1379.00","1380.00","1379.00","1379.33","2.17","30","41380","41380"
"17.11.2023","1350.00","1350.00","1350.00","1350.00","-2.10","20","27000","27000"
"16.11.2023","1379.00","1379.00","1379.00","1379.00","5.27","15","20685","20685"
"08.11.2023","1310.00","1310.00","1310.00","1310.00","-2.96","380","497800","497800"
"06.11.2023","1350.00","1350.00","1350.00","1350.00","0.00","49","66150","66150"
"03.11.2023","1350.00","1350.00","1350.00","1350.00","6.30","33","44550","44550"
"01.11.2023","1270.00","1270.00","1270.00","1270.00","-5.93","2","2540","2540"
"19.10.2023","1350.00","1350.00","1350.00","1350.00","1.50","33","44550","44550"
"18.10.2023","1330.00","1330.00","1330.00","1330.00","0.00","330","438900","438900"
"17.10.2023","1330.00","1330.00","1330.00","1330.00","-1.48","11","14630","14630"
"13.10.2023","1350.00","1350.00","1350.00","1350.00","8.00","49","66150","66150"
"05.10.2023","1250.00","1251.00","1250.00","1250.03","-0.01","1808","2260050","16758800"
"28.9.2023","1250.00","1251.00","1250.00","1250.15","0.01","172","215025","215025"
"25.9.2023","1250.00","1250.00","1250.00","1250.00","0.00","3450","4312500","4312500"
"22.9.2023","1250.00","1250.00","1250.00","1250.00","1.46","3002","3752500","3752500"
"20.9.2023","1232.00","1232.00","1232.00","1232.00","0.16","498","613536","613536"
"18.9.2023","1230.00","1230.00","1230.00","1230.00","-1.62","5","6150","6150"
"14.9.2023","1250.00","1251.00","1250.00","1250.25","0.02","190","237547","237547"
"13.9.2023","1250.00","1250.00","1249.00","1249.95","1.62","525","656225","656225"
"25.8.2023","1230.00","1230.00","1230.00","1230.00","0.00","22","27060","27060"
"22.8.2023","1230.00","1230.00","1230.00","1230.00","-0.99","50","61500","61500"
"18.8.2023","1250.00","1250.00","1235.00","1242.24","1.24","1160","1441000","1441000"
"16.8.2023","1220.00","1234.00","1220.00","1227.00","-0.65","20","24540","24540"
"15.8.2023","1235.00","1235.00","1235.00","1235.00","1.23","20","24700","24700"
"11.8.2023","1220.00","1220.00","1220.00","1220.00","-1.21","100","122000","122000"
"31.7.2023","1235.00","1235.00","1235.00","1235.00","0.00","58","71630","71630"
"28.7.2023","1235.00","1236.00","1235.00","1235.06","-1.40","323","398925","398925"
"21.7.2023","1250.00","1255.00","1250.00","1252.61","-0.19","259","324425","324425"
"19.7.2023","1255.00","1255.00","1255.00","1255.00","0.12","33","41415","41415"
"18.7.2023","1255.00","1255.00","1245.00","1253.54","1.01","460","576630","576630"
"14.7.2023","1241.00","1241.00","1241.00","1241.00","2.99","268","332588","332588"
"11.7.2023","1205.00","1205.00","1205.00","1205.00","-3.60","60","72300","72300"
"04.7.2023","1250.00","1250.00","1250.00","1250.00","0.08","319","398750","398750"
"03.7.2023","1249.00","1249.00","1249.00","1249.00","0.00","87","108663","108663"
"29.6.2023","1249.00","1249.00","1249.00","1249.00","0.00","12","14988","14988"
"28.6.2023","1249.00","1249.00","1249.00","1249.00","-0.05","10","12490","12490"
"26.6.2023","1249.00","1250.00","1249.00","1249.60","-0.03","117","146203","146203"
"23.6.2023","1250.00","1250.00","1250.00","1250.00","-3.85","360","450000","450000"
"20.6.2023","1300.00","1300.00","1300.00","1300.00","-2.47","10","13000","13000"
"07.6.2023","1330.00","1339.00","1330.00","1332.95","0.42","58","77311","77311"
"06.6.2023","1339.00","1339.00","1320.00","1327.31","-0.95","104","138040","138040"
"31.5.2023","1340.00","1340.00","1340.00","1340.00","0.00","65","87100","87100"
"29.5.2023","1340.00","1340.00","1340.00","1340.00","0.83","486","651240","651240"
"26.5.2023","1329.00","1329.00","1329.00","1329.00","-2.99","5","6645","6645"
"19.5.2023","1370.00","1370.00","1370.00","1370.00","0.74","5","6850","6850"
"11.5.2023","1360.00","1360.00","1360.00","1360.00","-1.09","132","179520","179520"
"10.5.2023","1375.00","1375.00","1375.00","1375.00","1.04","3","4125","4125"
"05.5.2023","1360.00","1375.00","1360.00","1360.91","-1.38","82","111595","111595"
"03.5.2023","1380.00","1380.00","1380.00","1380.00","0.93","15","20700","20700"
"28.4.2023","1380.00","1380.00","1360.00","1367.22","-0.51","108","147660","147660"
"25.4.2023","1370.00","1380.00","1370.00","1374.22","-1.17","237","325690","325690"
"05.4.2023","1395.00","1395.00","1380.00","1390.50","0.04","50","69525","69525"
"03.4.2023","1390.00","1390.00","1390.00","1390.00","2.89","60","83400","83400"
"31.3.2023","1351.00","1351.00","1351.00","1351.00","0.07","600","810600","810600"
"28.3.2023","1350.00","1350.00","1350.00","1350.00","-2.88","45","60750","60750"
"24.3.2023","1390.00","1390.00","1390.00","1390.00","2.65","473","657470","657470"
"21.3.2023","1350.00","1360.00","1350.00","1354.10","-0.55","847","1146920","1146920"
"17.3.2023","1361.00","1363.00","1360.00","1361.65","-1.33","225","306372","306372"
"16.3.2023","1380.00","1380.00","1380.00","1380.00","-0.38","300","414000","414000"
"10.3.2023","1380.00","1400.00","1380.00","1385.20","-1.06","358","495900","495900"
"08.3.2023","1400.00","1400.00","1400.00","1400.00","0.00","78","109200","109200"
"07.3.2023","1400.00","1400.00","1400.00","1400.00","3.49","200","280000","280000"
"06.3.2023","1400.00","1400.00","1350.00","1352.74","-1.26","3790","5126900","5126900"
"27.2.2023","1370.00","1370.00","1370.00","1370.00","0.00","169","231530","231530"
"15.2.2023","1370.00","1370.00","1370.00","1370.00","0.00","81","110970","110970"
"14.2.2023","1370.00","1370.00","1370.00","1370.00","0.00","21","28770","28770"
"06.2.2023","1370.00","1370.00","1370.00","1370.00","0.00","25","34250","34250"
"02.2.2023","1370.00","1370.00","1370.00","1370.00","0.00","15","20550","20550"
"31.1.2023","1370.00","1370.00","1370.00","1370.00","-1.08","50","68500","68500"
"27.1.2023","1400.00","1400.00","1370.00","1385.00","1.47","40","55400","55400"
"24.1.2023","1370.00","1370.00","1350.00","1365.00","-0.36","40","54600","54600"
"23.1.2023","1370.00","1370.00","1370.00","1370.00","-1.79","40","54800","54800"
"16.1.2023","1395.00","1395.00","1395.00","1395.00","3.33","15","20925","20925"
"12.1.2023","1350.00","1350.00","1350.00","1350.00","-0.37","15","20250","20250"
"27.12.2024","1950.00","1950.00","1950.00","1950.00","0.00","657","1281150","1281150"
"26.12.2024","1950.00","1950.00","1950.00","1950.00","0.03","8","15600","15600"
"25.12.2024","1950.00","1950.00","1949.00","1949.36","-0.03","69","134506","134506"
"24.12.2024","1950.00","1950.00","1950.00","1950.00","0.02","25","48750","48750"
"19.12.2024","1950.00","1950.00","1948.00","1949.57","-0.02","154","300234","300234"
"17.12.2024","1950.00","1950.00","1950.00","1950.00","0.00","30","58500","58500"
"16.12.2024","1950.00","1950.00","1950.00","1950.00","0.00","15","29250","29250"
"13.12.2024","1950.00","1950.00","1950.00","1950.00","0.05","38","74100","74100"
"12.12.2024","1949.00","1949.00","1949.00","1949.00","-0.05","39","76011","76011"
"10.12.2024","1950.00","1950.00","1950.00","1950.00","0.00","100","195000","195000"
"06.12.2024","1950.00","1950.00","1950.00","1950.00","2.61","35","68250","68250"
"05.12.2024","1910.00","1910.00","1899.00","1900.40","2.45","202","383881","383881"
"04.12.2024","1855.00","1855.00","1855.00","1855.00","2.98","436","808780","808780"
"28.11.2024","1800.00","1899.00","1800.00","1801.34","-2.79","841","1514930","1514930"
"25.11.2024","1835.00","1900.00","1835.00","1853.08","-1.94","165","305759","305759"
"22.11.2024","1890.00","1890.00","1850.00","1889.74","-0.03","151","285350","285350"
"21.11.2024","1900.00","1900.00","1890.00","1890.27","-2.56","1182","2234300","2234300"
"19.11.2024","1940.00","1940.00","1940.00","1940.00","0.00","7","13580","13580"
"18.11.2024","1940.00","1940.00","1940.00","1940.00","2.11","20","38800","38800"
"14.11.2024","1900.00","1900.00","1900.00","1900.00","-2.56","2267","4307300","4307300"
"08.11.2024","1950.00","1950.00","1950.00","1950.00","0.26","175","341250","341250"
"30.10.2024","1945.00","1945.00","1945.00","1945.00","-0.05","125","243125","243125"
"29.10.2024","1946.00","1946.00","1946.00","1946.00","0.00","91","177086","177086"
"28.10.2024","1946.00","1946.00","1946.00","1946.00","-2.99","110","214060","214060"
"18.10.2024","2006.00","2006.00","2006.00","2006.00","0.00","3","6018","6018"
"17.10.2024","2006.00","2006.00","2006.00","2006.00","3.53","6","12036","12036"
"16.10.2024","1900.00","1946.00","1900.00","1937.64","-0.43","11","21314","21314"
"15.10.2024","1946.00","1946.00","1946.00","1946.00","-2.99","300","583800","583800"
"14.10.2024","2006.00","2006.00","2006.00","2006.00","8.43","10","20060","20060"
"10.10.2024","1850.00","1850.00","1850.00","1850.00","-7.41","165","305250","305250"
"09.10.2024","1998.00","1998.00","1998.00","1998.00","0.00","10","19980","19980"
"08.10.2024","1998.00","1998.00","1998.00","1998.00","2.46","14","27972","27972"
"04.10.2024","1950.00","1950.00","1950.00","1950.00","0.10","16","31200","31200"
"25.9.2024","1920.00","1972.00","1920.00","1947.97","-1.22","760","1480460","1480460"
"24.9.2024","1972.00","1972.00","1972.00","1972.00","6.71","20","39440","39440"
"23.9.2024","1848.00","1848.00","1848.00","1848.00","2.98","57","105336","105336"
"18.9.2024","1800.00","1800.00","1790.00","1794.52","3.31","73","131000","131000"
"17.9.2024","1790.00","1790.00","1721.00","1737.05","-0.46","43","74693","74693"
"13.9.2024","1741.00","1780.00","1731.00","1745.10","1.46","1423","2483271","2483271"
"12.9.2024","1720.00","1720.00","1720.00","1720.00","0.00","25","43000","43000"
"10.9.2024","1720.00","1720.00","1720.00","1720.00","-1.21","221","380120","380120"
"05.9.2024","1741.00","1741.00","1741.00","1741.00","0.00","10","17410","17410"
"30.8.2024","1741.00","1741.00","1741.00","1741.00","-2.19","206","358646","358646"
"29.8.2024","1780.00","1780.00","1780.00","1780.00","0.32","100","178000","178000"
"27.8.2024","1760.00","1781.00","1760.00","1774.32","2.56","88","156140","156140"
"23.8.2024","1730.00","1730.00","1730.00","1730.00","0.11","154","266420","266420"
"22.8.2024","1739.00","1739.00","1691.00","1728.13","2.20","53","91591","91591"
"21.8.2024","1691.00","1691.00","1691.00","1691.00","0.00","349","590159","590159"
"20.8.2024","1691.00","1691.00","1691.00","1691.00","5.42","11","18601","18601"
"16.8.2024","1604.00","1604.00","1604.00","1604.00","0.25","31","49724","49724"
"14.8.2024","1600.00","1600.00","1600.00","1600.00","-2.56","500","800000","800000"
"13.8.2024","1642.00","1642.00","1642.00","1642.00","-2.96","21","34482","34482"
"12.8.2024","1692.00","1692.00","1692.00","1692.00","-2.98","14","23688","23688"
"09.8.2024","1744.00","1744.00","1744.00","1744.00","-0.11","6","10464","10464"
"08.8.2024","1746.00","","","1746.00","0.00","0","0","2390274"
"07.8.2024","1746.00","1746.00","1746.00","1746.00","-3.00","40","69840","69840"
"01.8.2024","1800.00","1800.00","1800.00","1800.00","-1.80","20","36000","36000"
"31.7.2024","1833.00","1833.00","1833.00","1833.00","-2.96","110","201630","201630"
"30.7.2024","1889.00","1889.00","1889.00","1889.00","8.45","10","18890","18890"
"29.7.2024","1749.00","1749.00","1640.00","1741.88","6.21","153","266507","266507"
"26.7.2024","1640.00","1640.00","1640.00","1640.00","2.50","10","16400","16400"
"25.7.2024","1600.00","1600.00","1600.00","1600.00","1.24","75","120000","120000"
"24.7.2024","1590.00","1590.00","1580.00","1580.38","-1.23","104","164360","164360"
"23.7.2024","1600.00","1600.00","1600.00","1600.00","0.02","59","94400","94400"
"22.7.2024","1600.00","1600.00","1599.00","1599.75","-0.01","200","319950","319950"
"19.7.2024","1600.00","1600.00","1599.00","1599.92","0.00","416","665568","665568"
"18.7.2024","1600.00","1600.00","1600.00","1600.00","3.23","50","80000","80000"
"17.7.2024","1550.00","1550.00","1550.00","1550.00","1.71","38","58900","58900"
"16.7.2024","1524.00","","","1524.00","0.00","0","0","2612200"
"15.7.2024","1524.00","","","1524.00","0.00","0","0","6292960"
"10.7.2024","1524.00","1524.00","1524.00","1524.00","1.60","30","45720","45720"
"09.7.2024","1500.00","1500.00","1500.00","1500.00","1.37","50","75000","75000"
"05.7.2024","1480.00","1480.00","1479.00","1479.67","-0.02","203","300373","300373"
"03.7.2024","1480.00","1480.00","1480.00","1480.00","0.05","69","102120","102120"
"01.7.2024","1480.00","1480.00","1452.00","1479.25","1.15","75","110944","110944"
"27.6.2024","1480.00","1480.00","1450.00","1462.50","0.87","12","17550","17550"
"19.6.2024","1450.00","1450.00","1449.00","1449.84","-0.01","234","339262","339262"
"14.6.2024","1450.00","1450.00","1450.00","1450.00","1.40","17","24650","24650"
"13.6.2024","1430.00","1430.00","1430.00","1430.00","0.29","6","8580","8580"
"05.6.2024","1430.00","1430.00","1420.00","1425.85","1.41","272","387830","387830"
"30.5.2024","1406.00","1406.00","1406.00","1406.00","-5.00","106","149036","149036"
"23.5.2024","1480.00","1480.00","1480.00","1480.00","1.40","100","148000","148000"
"22.5.2024","1460.00","1460.00","1459.00","1459.50","0.03","200","291900","291900"
"21.5.2024","1459.00","1459.00","1459.00","1459.00","0.33","40","58360","58360"
"20.5.2024","1430.00","1459.00","1430.00","1454.17","0.74","600","872500","872500"
"17.5.2024","1450.00","1462.00","1420.00","1443.49","1.65","289","417170","417170"
"16.5.2024","1420.00","1420.00","1420.00","1420.00","-1.73","31","44020","44020"
"15.5.2024","1445.00","1445.00","1445.00","1445.00","-0.97","89","128605","128605"
"10.5.2024","1460.00","1460.00","1450.00","1459.20","0.48","348","507800","507800"
"30.4.2024","1458.00","1458.00","1450.00","1452.24","0.15","221","320946","320946"
"23.4.2024","1450.00","1450.00","1450.00","1450.00","0.00","144","208800","208800"
"19.4.2024","1450.00","1450.00","1450.00","1450.00","2.84","10","14500","14500"
"18.4.2024","1410.00","1410.00","1410.00","1410.00","0.34","53","74730","74730"
"15.4.2024","1404.00","1410.00","1404.00","1405.24","0.07","209","293696","293696"
"12.4.2024","1404.00","1405.00","1404.00","1404.32","-0.05","155","217670","217670"
"11.4.2024","1405.00","1405.00","1405.00","1405.00","-2.92","149","209345","209345"
"02.4.2024","1455.00","1455.00","1440.00","1447.31","-3.45","400","578925","578925"
"01.4.2024","1499.00","1499.00","1499.00","1499.00","3.02","32","47968","47968"
"27.3.2024","1455.00","1455.00","1455.00","1455.00","-3.00","365","531075","531075"
"26.3.2024","1500.00","1500.00","1500.00","1500.00","-0.95","57","85500","85500"
"25.3.2024","1535.00","1535.00","1510.00","1514.41","0.96","170","257450","257450"
"22.3.2024","1500.00","1500.00","1500.00","1500.00","-2.60","379","568500","568500"
"21.3.2024","1540.00","1540.00","1540.00","1540.00","2.41","51","78540","78540"
"20.3.2024","1510.00","1510.00","1500.00","1503.69","0.25","103","154880","154880"
"19.3.2024","1500.00","1500.00","1500.00","1500.00","0.07","200","300000","300000"
"18.3.2024","1499.00","1499.00","1499.00","1499.00","1.97","15","22485","22485"
"13.3.2024","1470.00","1470.00","1470.00","1470.00","-0.43","110","161700","161700"
"12.3.2024","1455.00","1500.00","1455.00","1476.42","-1.57","385","568420","568420"
"08.3.2024","1500.00","1500.00","1500.00","1500.00","0.27","9","13500","13500"
"07.3.2024","1500.00","1500.00","1470.00","1495.98","1.70","127","189990","189990"
"01.3.2024","1471.00","1471.00","1471.00","1471.00","-2.90","31","45601","45601"
"29.2.2024","1545.00","1545.00","1500.00","1515.00","4.59","150","227250","227250"
"28.2.2024","1450.00","1450.00","1447.00","1448.46","0.59","886","1283338","1283338"
"27.2.2024","1440.00","1440.00","1440.00","1440.00","-0.62","23","33120","33120"
"19.2.2024","1449.00","1449.00","1449.00","1449.00","0.06","8","11592","11592"
"16.2.2024","1448.00","1449.00","1448.00","1448.16","-0.10","179","259221","259221"
"15.2.2024","1450.00","1450.00","1449.00","1449.65","3.55","577","836450","836450"
"14.2.2024","1400.00","1400.00","1400.00","1400.00","-3.38","140","196000","196000"
"08.2.2024","1449.00","1449.00","1449.00","1449.00","1.39","8","11592","11592"
"06.2.2024","1430.00","1430.00","1429.00","1429.18","-0.06","681","973274","973274"
"05.2.2024","1430.00","1430.00","1430.00","1430.00","0.14","100","143000","143000"
"01.2.2024","1430.00","1430.00","1420.00","1428.05","0.64","759","1083890","1083890"
"31.1.2024","1419.00","1419.00","1419.00","1419.00","0.27","22","31218","31218"
"30.1.2024","1419.00","1419.00","1400.00","1415.20","-0.34","25","35380","35380"
"25.1.2024","1420.00","1420.00","1420.00","1420.00","-2.00","26","36920","36920"
"18.1.2024","1449.00","1449.00","1449.00","1449.00","5.73","20","28980","28980"
"16.1.2024","1365.00","1407.00","1365.00","1370.46","-2.60","485","664671","664671"
"11.1.2024","1407.00","1407.00","1407.00","1407.00","0.00","10","14070","2322957"
"03.1.2024","1407.00","1407.00","1407.00","1407.00","-2.97","65","91455","91455"
