"29.12.2014","749.00","749.00","749.00","749.00","8.55","50","37450","37450"
"16.12.2014","690.00","690.00","690.00","690.00","-8.73","318","219420","219420"
"11.12.2014","790.00","790.00","750.00","756.00","0.80","20","15120","15120"
"05.12.2014","750.00","750.00","750.00","750.00","-0.40","30","22500","22500"
"04.12.2014","753.00","753.00","753.00","753.00","-9.95","25","18825","18825"
"27.11.2014","837.00","837.00","836.00","836.20","-0.10","264","220757","220757"
"25.11.2014","837.00","837.00","837.00","837.00","9.95","60","50220","50220"
"24.11.2014","840.00","840.00","750.00","761.25","-0.75","160","121800","121800"
"21.11.2014","767.00","767.00","767.00","767.00","7.53","20","15340","15340"
"20.11.2014","710.00","730.00","710.00","713.32","-7.12","182","129824","129824"
"17.11.2014","768.00","768.00","768.00","768.00","9.90","10","7680","7680"
"14.11.2014","772.00","772.00","693.00","698.81","-6.83","136","95038","95038"
"13.11.2014","750.00","750.00","750.00","750.00","5.06","95","71250","71250"
"12.11.2014","719.00","719.00","700.00","713.86","2.13","111","79239","79239"
"05.11.2014","699.00","699.00","699.00","699.00","7.54","100","69900","69900"
"04.11.2014","650.00","650.00","650.00","650.00","2.25","350","227500","227500"
"03.11.2014","650.00","650.00","633.00","635.69","6.05","714","453883","453883"
"31.10.2014","600.00","600.00","595.00","599.41","0.74","510","305700","305700"
"30.10.2014","595.00","595.00","595.00","595.00","-4.03","10","5950","5950"
"27.10.2014","600.00","630.00","600.00","620.00","-1.59","150","93000","93000"
"13.10.2014","630.00","630.00","630.00","630.00","2.11","200","126000","126000"
"10.10.2014","617.00","617.00","617.00","617.00","0.00","125","77125","77125"
"09.10.2014","617.00","617.00","617.00","617.00","2.27","27","16659","16659"
"07.10.2014","600.00","618.00","600.00","603.32","0.55","470","283560","283560"
"03.10.2014","600.00","600.00","600.00","600.00","-1.96","400","240000","240000"
"02.10.2014","612.00","612.00","612.00","612.00","-0.10","150","91800","91800"
"30.9.2014","639.00","639.00","610.00","612.61","2.10","100","61261","61261"
"26.9.2014","600.00","600.00","600.00","600.00","-1.80","150","90000","90000"
"23.9.2014","611.00","611.00","611.00","611.00","-6.00","43","26273","26273"
"19.9.2014","650.00","650.00","650.00","650.00","0.00","90","58500","58500"
"17.9.2014","650.00","650.00","650.00","650.00","-5.16","10","6500","6500"
"11.9.2014","690.00","690.00","685.00","685.38","2.91","40","27415","27415"
"10.9.2014","666.00","666.00","666.00","666.00","9.90","45","29970","29970"
"05.9.2014","606.00","606.00","606.00","606.00","-2.85","100","60600","60600"
"21.8.2014","620.00","630.00","610.00","623.77","1.92","167","104170","104170"
"18.8.2014","612.00","612.00","612.00","612.00","-2.86","189","115668","115668"
"15.8.2014","630.00","630.00","630.00","630.00","9.95","70","44100","44100"
"07.8.2014","573.00","573.00","573.00","573.00","2.88","100","57300","57300"
"29.7.2014","567.00","567.00","551.00","556.98","-8.69","535","297985","297985"
"03.7.2014","610.00","610.00","610.00","610.00","-8.41","150","91500","91500"
"02.7.2014","666.00","666.00","666.00","666.00","-10.00","50","33300","33300"
"29.5.2014","740.00","740.00","740.00","740.00","9.31","5","3700","3700"
"28.5.2014","677.00","677.00","677.00","677.00","2.89","150","101550","101550"
"07.5.2014","658.00","658.00","658.00","658.00","-1.79","49","32242","32242"
"29.4.2014","670.00","670.00","670.00","670.00","0.00","100","67000","67000"
"07.4.2014","670.00","670.00","670.00","670.00","0.00","100","67000","67000"
"03.4.2014","670.00","670.00","670.00","670.00","-2.90","80","53600","53600"
"21.3.2014","690.00","690.00","690.00","690.00","2.99","20","13800","13800"
"19.3.2014","670.00","670.00","670.00","670.00","0.00","34","22780","22780"
"18.3.2014","670.00","670.00","670.00","670.00","-1.33","300","201000","201000"
"12.3.2014","679.00","679.00","679.00","679.00","-0.12","76","51604","51604"
"06.3.2014","679.00","680.00","679.00","679.81","-2.88","124","84296","84296"
"03.3.2014","700.00","700.00","700.00","700.00","-2.78","280","196000","196000"
"27.2.2014","720.00","720.00","720.00","720.00","0.00","80","57600","57600"
"24.2.2014","720.00","720.00","720.00","720.00","-10.00","50","36000","36000"
"08.1.2014","800.00","800.00","800.00","800.00","0.00","180","144000","144000"
"28.12.2015","600.00","600.00","600.00","600.00","2.56","50","30000","30000"
"25.12.2015","585.00","585.00","585.00","585.00","0.69","81","47385","47385"
"23.12.2015","581.00","581.00","581.00","581.00","2.83","132","76692","76692"
"14.12.2015","565.00","565.00","565.00","565.00","2.73","175","98875","98875"
"10.12.2015","550.00","550.00","550.00","550.00","-3.51","55","30250","30250"
"01.12.2015","570.00","570.00","570.00","570.00","-1.72","200","114000","114000"
"19.11.2015","580.00","580.00","580.00","580.00","0.00","187","108460","108460"
"18.11.2015","580.00","580.00","580.00","580.00","1.75","28","16240","16240"
"12.11.2015","570.00","570.00","570.00","570.00","-1.85","126","71820","71820"
"09.11.2015","580.00","585.00","580.00","580.77","-0.38","325","188750","188750"
"05.11.2015","583.00","583.00","583.00","583.00","-1.52","1505","877415","877415"
"03.11.2015","592.00","592.00","592.00","592.00","-2.95","50","29600","29600"
"21.9.2015","610.00","610.00","610.00","610.00","9.86","1283","782630","782630"
"17.9.2015","555.00","556.00","555.00","555.25","-2.59","100","55525","55525"
"14.9.2015","570.00","570.00","570.00","570.00","-5.00","100","57000","57000"
"10.9.2015","600.00","600.00","600.00","600.00","-4.76","100","60000","60000"
"18.8.2015","630.00","630.00","630.00","630.00","0.16","156","98280","98280"
"17.8.2015","629.00","629.00","629.00","629.00","0.00","59","37111","37111"
"13.8.2015","629.00","629.00","629.00","629.00","2.28","191","120139","120139"
"12.8.2015","615.00","615.00","615.00","615.00","2.50","100","61500","61500"
"07.8.2015","600.00","600.00","600.00","600.00","-1.76","50","30000","30000"
"24.7.2015","600.00","618.00","600.00","610.74","1.79","389","237576","237576"
"22.7.2015","600.00","600.00","600.00","600.00","0.00","132","79200","79200"
"20.7.2015","600.00","600.00","600.00","600.00","0.00","179","107400","107400"
"02.7.2015","600.00","600.00","600.00","600.00","3.27","15","9000","9000"
"19.6.2015","581.00","581.00","581.00","581.00","3.75","100","58100","58100"
"12.6.2015","560.00","560.00","560.00","560.00","-3.61","2095","1173200","1173200"
"10.6.2015","581.00","581.00","581.00","581.00","3.57","50","29050","29050"
"01.6.2015","561.00","561.00","561.00","561.00","0.00","200","112200","112200"
"28.5.2015","561.00","561.00","561.00","561.00","-6.50","203","113883","113883"
"18.5.2015","600.00","600.00","600.00","600.00","0.00","498","298800","298800"
"13.5.2015","600.00","600.00","600.00","600.00","8.30","50","30000","30000"
"08.5.2015","554.00","554.00","554.00","554.00","-2.81","29","16066","16066"
"05.5.2015","570.00","570.00","570.00","570.00","-1.72","135","76950","76950"
"29.4.2015","580.00","580.00","580.00","580.00","-3.17","165","95700","95700"
"23.4.2015","599.00","599.00","599.00","599.00","0.00","22","13178","13178"
"22.4.2015","599.00","599.00","599.00","599.00","-0.17","50","29950","29950"
"21.4.2015","600.00","600.00","600.00","600.00","0.00","14","8400","8400"
"09.4.2015","600.00","600.00","600.00","600.00","0.00","140","84000","84000"
"08.4.2015","600.00","600.00","600.00","600.00","1.69","60","36000","36000"
"07.4.2015","590.00","590.00","590.00","590.00","0.00","521","307390","307390"
"06.4.2015","590.00","590.00","590.00","590.00","-1.83","30","17700","17700"
"02.4.2015","601.00","601.00","601.00","601.00","-1.48","195","117195","117195"
"30.3.2015","610.00","610.00","610.00","610.00","1.33","75","45750","45750"
"25.3.2015","602.00","602.00","602.00","602.00","-8.09","791","476182","476182"
"23.3.2015","655.00","655.00","655.00","655.00","2.99","100","65500","65500"
"18.3.2015","636.00","636.00","636.00","636.00","0.95","100","63600","63600"
"17.3.2015","630.00","630.00","630.00","630.00","1.78","100","63000","63000"
"12.3.2015","619.00","619.00","619.00","619.00","3.00","147","90993","90993"
"11.3.2015","601.00","601.00","601.00","601.00","-3.06","5","3005","3005"
"05.3.2015","620.00","620.00","620.00","620.00","0.00","125","77500","77500"
"04.3.2015","620.00","620.00","620.00","620.00","2.99","77","47740","47740"
"03.3.2015","602.00","602.00","602.00","602.00","-2.90","100","60200","60200"
"24.2.2015","620.00","620.00","620.00","620.00","-2.67","50","31000","31000"
"17.2.2015","637.00","637.00","637.00","637.00","-2.90","60","38220","38220"
"11.2.2015","656.00","656.00","656.00","656.00","-2.96","25","16400","16400"
"30.1.2015","676.00","676.00","676.00","676.00","0.00","40","27040","27040"
"23.1.2015","676.00","676.00","676.00","676.00","-2.87","23","15548","15548"
"22.1.2015","696.00","696.00","696.00","696.00","2.96","70","48720","48720"
"20.1.2015","676.00","676.00","676.00","676.00","-9.75","40","27040","27040"
"23.12.2016","908.00","908.00","903.00","904.47","-0.06","251","227021","227021"
"22.12.2016","905.00","905.00","905.00","905.00","4.02","27","24435","24435"
"19.12.2016","870.00","870.00","870.00","870.00","-1.36","40","34800","34800"
"07.12.2016","882.00","882.00","882.00","882.00","-2.97","200","176400","176400"
"02.12.2016","909.00","909.00","909.00","909.00","-2.57","100","90900","90900"
"01.12.2016","933.00","933.00","933.00","933.00","-0.43","20","18660","18660"
"29.11.2016","937.00","937.00","937.00","937.00","0.00","200","187400","187400"
"28.11.2016","937.00","937.00","937.00","937.00","-9.99","18","16866","16866"
"25.11.2016","1041.00","1041.00","1041.00","1041.00","-0.13","80","83280","83280"
"18.11.2016","1042.00","1073.00","1042.00","1042.40","0.05","767","799524","799524"
"17.11.2016","1042.00","1042.00","1041.00","1041.89","-0.01","219","228173","228173"
"16.11.2016","1042.00","1042.00","1042.00","1042.00","9.92","31","32302","32302"
"15.11.2016","948.00","948.00","948.00","948.00","9.98","40","37920","37920"
"11.11.2016","862.00","862.00","862.00","862.00","2.99","334","287908","287908"
"04.11.2016","837.00","837.00","837.00","837.00","0.00","390","326430","326430"
"02.11.2016","837.00","837.00","837.00","837.00","2.95","186","155682","155682"
"31.10.2016","813.00","813.00","813.00","813.00","2.98","45","36585","36585"
"27.10.2016","790.00","790.00","789.00","789.51","-0.06","410","323700","323700"
"20.10.2016","790.00","790.00","790.00","790.00","2.65","307","242530","242530"
"19.10.2016","770.00","770.00","769.00","769.58","0.08","561","431735","431735"
"18.10.2016","769.00","769.00","769.00","769.00","2.81","10","7690","7690"
"17.10.2016","748.00","748.00","748.00","748.00","2.96","38","28424","28424"
"06.10.2016","730.00","730.00","720.00","726.49","0.90","616","447520","447520"
"04.10.2016","720.00","720.00","720.00","720.00","0.00","235","169200","169200"
"03.10.2016","720.00","720.00","720.00","720.00","1.41","535","385200","385200"
"30.9.2016","710.00","710.00","710.00","710.00","5.97","440","312400","312400"
"26.9.2016","670.00","670.00","670.00","670.00","-0.19","365","244550","244550"
"22.9.2016","660.00","700.00","660.00","671.25","-6.38","558","374560","374560"
"14.9.2016","717.00","717.00","717.00","717.00","2.43","88","63096","63096"
"13.9.2016","700.00","700.00","700.00","700.00","-8.14","421","294700","294700"
"02.9.2016","762.00","762.00","762.00","762.00","-0.26","155","118110","118110"
"01.9.2016","764.00","764.00","764.00","764.00","8.99","115","87860","87860"
"31.8.2016","701.00","701.00","701.00","701.00","3.85","155","108655","108655"
"23.8.2016","675.00","675.00","675.00","675.00","2.74","187","126225","126225"
"19.8.2016","657.00","657.00","657.00","657.00","2.98","200","131400","131400"
"17.8.2016","638.00","638.00","638.00","638.00","0.00","25","15950","15950"
"16.8.2016","638.00","638.00","638.00","638.00","1.27","595","379610","379610"
"15.8.2016","630.00","630.00","630.00","630.00","2.44","105","66150","66150"
"12.8.2016","615.00","615.00","615.00","615.00","-0.81","350","215250","215250"
"11.8.2016","620.00","620.00","620.00","620.00","0.16","187","115940","115940"
"10.8.2016","619.00","619.00","619.00","619.00","-0.16","85","52615","52615"
"19.7.2016","620.00","620.00","620.00","620.00","2.99","40","24800","24800"
"15.7.2016","602.00","602.00","602.00","602.00","-1.79","85","51170","51170"
"14.7.2016","613.00","613.00","613.00","613.00","9.27","60","36780","36780"
"23.6.2016","561.00","561.00","561.00","561.00","-0.18","15","8415","8415"
"15.6.2016","562.00","562.00","562.00","562.00","-2.94","30","16860","16860"
"10.6.2016","579.00","579.00","579.00","579.00","-2.85","20","11580","11580"
"17.5.2016","596.00","596.00","596.00","596.00","0.00","95","56620","56620"
"16.5.2016","596.00","596.00","596.00","596.00","0.00","80","47680","47680"
"13.5.2016","596.00","596.00","596.00","596.00","0.17","19","11324","11324"
"10.5.2016","595.00","595.00","595.00","595.00","-2.62","1325","788375","788375"
"15.4.2016","611.00","611.00","611.00","611.00","0.00","33","20163","20163"
"12.4.2016","611.00","611.00","611.00","611.00","-2.86","200","122200","122200"
"07.3.2016","629.00","629.00","629.00","629.00","2.28","115","72335","72335"
"02.3.2016","615.00","615.00","615.00","615.00","2.50","63","38745","38745"
"29.2.2016","600.00","600.00","600.00","600.00","2.56","52","31200","31200"
"25.2.2016","585.00","585.00","585.00","585.00","-0.17","63","36855","36855"
"18.2.2016","586.00","586.00","586.00","586.00","0.17","30","17580","17580"
"12.2.2016","585.00","585.00","585.00","585.00","0.00","20","11700","11700"
"10.2.2016","585.00","585.00","585.00","585.00","-2.50","32","18720","18720"
"29.1.2016","600.00","600.00","600.00","600.00","-2.44","22","13200","13200"
"18.1.2016","615.00","615.00","615.00","615.00","0.00","50","30750","30750"
"15.1.2016","615.00","615.00","615.00","615.00","2.50","263","161745","161745"
"05.1.2016","600.00","600.00","600.00","600.00","0.00","77","46200","46200"
"04.1.2016","600.00","600.00","600.00","600.00","0.00","194","116400","116400"
"28.12.2017","1900.00","1900.00","1900.00","1900.00","0.00","21","39900","39900"
"27.12.2017","1900.00","1900.00","1900.00","1900.00","0.00","15","28500","28500"
"22.12.2017","1900.00","1900.00","1900.00","1900.00","0.00","1000","1900000","1900000"
"20.12.2017","1900.00","1900.00","1900.00","1900.00","1.60","1518","2884200","2884200"
"19.12.2017","1870.00","1870.00","1870.00","1870.00","0.00","129","241230","241230"
"18.12.2017","1870.00","1870.00","1870.00","1870.00","0.00","8","14960","14960"
"15.12.2017","1870.00","1870.00","1870.00","1870.00","-1.03","50","93500","93500"
"14.12.2017","1899.00","1899.00","1880.00","1889.40","1.74","99","187051","187051"
"13.12.2017","1857.00","1857.00","1857.00","1857.00","-2.26","100","185700","185700"
"12.12.2017","1900.00","1900.00","1900.00","1900.00","0.01","266","505400","505400"
"07.12.2017","1900.00","1900.00","1899.00","1899.90","0.05","240","455975","455975"
"06.12.2017","1899.00","1899.00","1899.00","1899.00","-0.09","65","123435","123435"
"05.12.2017","1900.00","1998.00","1899.00","1900.76","0.04","1240","2356940","2356940"
"04.12.2017","1900.00","1900.00","1900.00","1900.00","0.00","178","338200","338200"
"01.12.2017","1900.00","1900.00","1900.00","1900.00","2.65","88","167200","167200"
"30.11.2017","1851.00","1851.00","1851.00","1851.00","-2.58","118","218418","218418"
"27.11.2017","1900.00","1900.00","1900.00","1900.00","-0.26","478","908200","908200"
"21.11.2017","1905.00","1905.00","1905.00","1905.00","0.00","272","518160","518160"
"20.11.2017","1905.00","1905.00","1905.00","1905.00","-0.01","2762","5261610","5261610"
"16.11.2017","1871.00","2000.00","1871.00","1905.18","0.27","194","369604","369604"
"14.11.2017","1900.00","1900.00","1899.00","1899.97","0.00","207","393294","393294"
"01.11.2017","1900.00","1900.00","1900.00","1900.00","0.00","8","15200","15200"
"27.10.2017","1900.00","1900.00","1900.00","1900.00","0.00","91","172900","172900"
"25.10.2017","1900.00","1900.00","1900.00","1900.00","-0.03","135","256500","256500"
"18.10.2017","1900.00","1901.00","1900.00","1900.50","-2.04","40","76020","76020"
"16.10.2017","1940.00","1940.00","1940.00","1940.00","-3.00","80","155200","155200"
"13.10.2017","2000.00","2000.00","2000.00","2000.00","0.10","10","20000","20000"
"21.9.2017","1998.00","1998.00","1998.00","1998.00","2.99","2","3996","3996"
"20.9.2017","1940.00","1940.00","1940.00","1940.00","-3.00","11","21340","21340"
"19.9.2017","2000.00","2000.00","2000.00","2000.00","0.02","10","20000","20000"
"12.9.2017","2000.00","2000.00","1999.00","1999.59","-0.02","97","193960","193960"
"11.9.2017","2000.00","2000.00","2000.00","2000.00","-1.00","147","294000","294000"
"07.9.2017","2001.00","2031.00","2001.00","2020.22","-3.48","64","129294","129294"
"06.9.2017","2093.00","2093.00","2093.00","2093.00","-0.10","12","25116","25116"
"01.9.2017","2095.00","2095.00","2095.00","2095.00","-0.19","140","293300","293300"
"31.8.2017","2099.00","2099.00","2099.00","2099.00","-0.05","10","20990","20990"
"30.8.2017","2100.00","2100.00","2100.00","2100.00","0.00","914","1919400","1919400"
"29.8.2017","2100.00","2100.00","2100.00","2100.00","0.00","325","682500","682500"
"24.8.2017","2100.00","2100.00","2100.00","2100.00","-2.08","300","630000","630000"
"23.8.2017","2198.00","2198.00","2134.00","2144.67","-2.51","60","128680","128680"
"15.8.2017","2200.00","2200.00","2199.00","2199.95","0.09","663","1458567","1458567"
"10.8.2017","2198.00","2198.00","2198.00","2198.00","3.00","30","65940","65940"
"09.8.2017","2134.00","2134.00","2134.00","2134.00","0.36","150","320100","320100"
"07.8.2017","2134.00","2134.00","2100.00","2126.44","-0.35","90","191380","191380"
"04.8.2017","2134.00","2134.00","2134.00","2134.00","-2.96","220","469480","469480"
"01.8.2017","2199.00","2200.00","2199.00","2199.01","-0.34","455","1000550","1000550"
"27.7.2017","2250.00","2250.00","2163.00","2206.50","5.07","30","66195","66195"
"26.7.2017","2100.00","2100.00","2100.00","2100.00","-8.66","400","840000","840000"
"25.7.2017","2300.00","2300.00","2299.00","2299.03","1.73","700","1609324","1609324"
"21.7.2017","2300.00","2300.00","2200.00","2259.88","1.89","1007","2275700","2275700"
"20.7.2017","2220.00","2220.00","2200.00","2218.01","-0.09","302","669840","669840"
"19.7.2017","2220.00","2220.00","2220.00","2220.00","0.00","330","732600","732600"
"18.7.2017","2220.00","2220.00","2220.00","2220.00","-0.03","50","111000","111000"
"17.7.2017","2220.00","2248.00","2200.00","2220.63","1.72","1112","2469340","2469340"
"14.7.2017","2200.00","2200.00","2150.00","2183.12","1.19","394","860150","860150"
"13.7.2017","2200.00","2200.00","2150.00","2157.55","7.21","278","599800","599800"
"12.7.2017","2100.00","2100.00","2000.00","2012.50","2.43","400","805000","805000"
"11.7.2017","1990.00","1990.00","1950.00","1964.81","-0.85","297","583550","583550"
"10.7.2017","1985.00","1985.00","1980.00","1981.60","2.39","50","99080","99080"
"07.7.2017","1940.00","1940.00","1930.00","1935.32","-2.01","188","363840","363840"
"06.7.2017","1975.00","1975.00","1975.00","1975.00","2.81","2","3950","3950"
"05.7.2017","1921.00","1921.00","1921.00","1921.00","-2.98","168","322728","322728"
"03.7.2017","1980.00","1980.00","1979.00","1979.92","0.51","118","233630","233630"
"29.6.2017","1980.00","1980.00","1950.00","1969.79","2.06","235","462900","462900"
"28.6.2017","1930.00","1930.00","1930.00","1930.00","0.00","25","48250","48250"
"27.6.2017","1930.00","1930.00","1930.00","1930.00","5.96","10","19300","19300"
"23.6.2017","1854.00","1854.00","1801.00","1821.38","1.19","130","236780","236780"
"22.6.2017","1800.00","1800.00","1800.00","1800.00","0.00","1184","2131200","2131200"
"21.6.2017","1800.00","1800.00","1800.00","1800.00","0.00","70","126000","126000"
"20.6.2017","1800.00","1800.00","1800.00","1800.00","2.27","360","648000","648000"
"19.6.2017","1760.00","1760.00","1760.00","1760.00","-0.06","25","44000","44000"
"16.6.2017","1761.00","1761.00","1761.00","1761.00","0.05","90","158490","158490"
"15.6.2017","1760.00","1761.00","1760.00","1760.18","0.01","560","985700","985700"
"09.6.2017","1760.00","1760.00","1760.00","1760.00","2.92","230","404800","404800"
"08.6.2017","1710.00","1710.00","1710.00","1710.00","3.89","155","265050","265050"
"07.6.2017","1646.00","1646.00","1646.00","1646.00","2.94","25","41150","41150"
"06.6.2017","1599.00","1599.00","1599.00","1599.00","-0.06","149","238251","238251"
"05.6.2017","1600.00","1600.00","1599.00","1599.95","-0.08","550","879975","879975"
"01.6.2017","1602.00","1602.00","1600.00","1601.16","2.91","537","859824","859824"
"31.5.2017","1550.00","1564.00","1550.00","1555.86","4.51","350","544550","544550"
"30.5.2017","1503.00","1503.00","1460.00","1488.67","7.50","150","223300","223300"
"29.5.2017","1389.00","1389.00","1351.00","1384.78","2.66","450","623150","623150"
"26.5.2017","1350.00","1351.00","1345.00","1348.87","2.26","820","1106077","1106077"
"25.5.2017","1319.00","1319.00","1319.00","1319.00","-2.94","280","369320","369320"
"22.5.2017","1359.00","1359.00","1359.00","1359.00","2.95","10","13590","13590"
"18.5.2017","1320.00","1320.00","1320.00","1320.00","10.00","38","50160","50160"
"16.5.2017","1200.00","1200.00","1200.00","1200.00","0.00","96","115200","115200"
"15.5.2017","1200.00","1200.00","1200.00","1200.00","0.06","360","432000","432000"
"12.5.2017","1190.00","1219.00","1190.00","1199.25","1.29","140","167895","167895"
"11.5.2017","1184.00","1184.00","1184.00","1184.00","9.94","15","17760","17760"
"08.5.2017","1100.00","1100.00","1040.00","1076.92","0.74","65","70000","70000"
"05.5.2017","1069.00","1069.00","1069.00","1069.00","9.98","225","240525","240525"
"04.5.2017","972.00","972.00","972.00","972.00","0.00","4","3888","3888"
"02.5.2017","972.00","972.00","972.00","972.00","-10.00","30","29160","29160"
"18.4.2017","1080.00","1080.00","1080.00","1080.00","5.26","32","34560","34560"
"12.4.2017","1026.00","1026.00","1026.00","1026.00","-6.52","70","71820","71820"
"11.4.2017","1080.00","1100.00","1080.00","1097.54","1.56","114","125120","125120"
"10.4.2017","1081.00","1081.00","1080.00","1080.64","-9.95","101","109145","109145"
"23.3.2017","1200.00","1200.00","1200.00","1200.00","-0.83","110","132000","132000"
"22.3.2017","1210.00","1210.00","1210.00","1210.00","-0.82","40","48400","48400"
"17.3.2017","1220.00","1220.00","1220.00","1220.00","-8.64","71","86620","86620"
"08.3.2017","1335.00","1340.00","1335.00","1335.36","2.64","70","93475","93475"
"06.3.2017","1301.00","1301.00","1301.00","1301.00","0.00","15","19515","19515"
"02.3.2017","1301.00","1301.00","1301.00","1301.00","-0.65","196","254996","254996"
"01.3.2017","1311.00","1311.00","1300.00","1309.57","9.82","230","301200","301200"
"20.2.2017","1195.00","1195.00","1190.00","1192.50","-4.29","200","238500","238500"
"16.2.2017","1246.00","1246.00","1246.00","1246.00","-2.96","25","31150","31150"
"09.2.2017","1284.00","1284.00","1284.00","1284.00","-2.95","221","283764","283764"
"08.2.2017","1323.00","1323.00","1323.00","1323.00","2.96","35","46305","46305"
"03.2.2017","1285.00","1285.00","1285.00","1285.00","9.96","330","424050","424050"
"31.1.2017","1201.00","1201.00","1115.00","1168.58","6.14","321","375115","375115"
"30.1.2017","1101.00","1101.00","1101.00","1101.00","0.13","20","22020","22020"
"27.1.2017","1101.00","1101.00","1097.00","1099.62","2.77","851","935780","935780"
"26.1.2017","1070.00","1070.00","1070.00","1070.00","2.88","100","107000","107000"
"24.1.2017","1040.00","1040.00","1040.00","1040.00","0.00","475","494000","494000"
"23.1.2017","1040.00","1040.00","1040.00","1040.00","-2.80","30","31200","31200"
"18.1.2017","1070.00","1070.00","1070.00","1070.00","2.88","12","12840","12840"
"17.1.2017","1040.00","1040.00","1040.00","1040.00","0.00","100","104000","104000"
"16.1.2017","1040.00","1040.00","1040.00","1040.00","4.63","23","23920","23920"
"13.1.2017","994.00","994.00","994.00","994.00","9.96","80","79520","79520"
"11.1.2017","904.00","904.00","904.00","904.00","0.09","946","855184","855184"
"10.1.2017","904.00","904.00","900.00","903.17","0.35","505","456100","456100"
"09.1.2017","900.00","900.00","900.00","900.00","-0.49","85","76500","76500"
"28.12.2018","2100.00","2100.00","2100.00","2100.00","0.00","215","451500","451500"
"27.12.2018","2100.00","2100.00","2100.00","2100.00","-0.80","135","283500","283500"
"19.12.2018","2117.00","2117.00","2117.00","2117.00","-7.96","35","74095","74095"
"12.12.2018","2300.00","2300.00","2300.00","2300.00","3.09","6","13800","13800"
"11.12.2018","2231.00","2231.00","2231.00","2231.00","-2.96","5","11155","11155"
"04.12.2018","2300.00","2300.00","2299.00","2299.07","-0.08","54","124150","124150"
"19.11.2018","2301.00","2301.00","2301.00","2301.00","-1.16","45","103545","103545"
"15.11.2018","2328.00","2328.00","2328.00","2328.00","-3.00","181","421368","421368"
"13.11.2018","2400.00","2400.00","2400.00","2400.00","1.83","167","400800","400800"
"08.11.2018","2400.00","2400.00","2350.00","2356.91","-0.73","432","1018185","1018185"
"07.11.2018","2351.00","2400.00","2351.00","2374.28","-3.09","120","284913","284913"
"31.10.2018","2450.00","2450.00","2450.00","2450.00","2.08","9","22050","22050"
"29.10.2018","2400.00","2401.00","2400.00","2400.17","-2.07","120","288020","288020"
"26.10.2018","2451.00","2451.00","2451.00","2451.00","0.00","5","12255","12255"
"25.10.2018","2451.00","2451.00","2451.00","2451.00","-2.97","70","171570","171570"
"24.10.2018","2500.00","2626.00","2450.00","2525.97","3.65","1331","3362065","3362065"
"22.10.2018","2473.00","2473.00","2401.00","2437.07","5.96","1694","4128390","4128390"
"19.10.2018","2300.00","2300.00","2300.00","2300.00","-0.46","86","197800","197800"
"18.10.2018","2365.00","2365.00","2300.00","2310.54","0.50","633","1462570","1462570"
"10.10.2018","2299.00","2299.00","2299.00","2299.00","-1.33","48","110352","110352"
"08.10.2018","2330.00","2330.00","2330.00","2330.00","1.30","5","11650","11650"
"05.10.2018","2300.00","2300.00","2300.00","2300.00","1.50","22","50600","50600"
"04.10.2018","2266.00","2266.00","2266.00","2266.00","-1.13","210","475860","475860"
"03.10.2018","2290.00","2300.00","2290.00","2292.00","-0.36","500","1146000","1146000"
"02.10.2018","2300.00","2301.00","2300.00","2300.22","0.05","1341","3084600","3084600"
"01.10.2018","2300.00","2300.00","2261.00","2299.09","-2.76","1287","2958930","2958930"
"28.9.2018","2366.00","2400.00","2352.00","2364.28","0.52","722","1707009","1707009"
"27.9.2018","2369.00","2369.00","2350.00","2351.94","2.26","490","1152450","1152450"
"26.9.2018","2300.00","2300.00","2300.00","2300.00","0.00","310","713000","713000"
"25.9.2018","2300.00","2300.00","2300.00","2300.00","0.00","600","1380000","1380000"
"24.9.2018","2300.00","2300.00","2300.00","2300.00","-0.32","75","172500","172500"
"21.9.2018","2300.00","2331.00","2300.00","2307.38","-0.99","354","816814","816814"
"20.9.2018","2330.00","2335.00","2330.00","2330.37","2.84","681","1586980","1586980"
"19.9.2018","2260.00","2300.00","2260.00","2266.00","-2.46","1000","2266000","2266000"
"14.9.2018","2300.00","2360.00","2300.00","2323.06","-3.17","472","1096482","1096482"
"12.9.2018","2399.00","2399.00","2399.00","2399.00","1.65","10","23990","23990"
"11.9.2018","2360.00","2360.00","2360.00","2360.00","-0.84","55","129800","129800"
"10.9.2018","2380.00","2380.00","2380.00","2380.00","-0.87","105","249900","249900"
"07.9.2018","2401.00","2401.00","2401.00","2401.00","0.04","8","19208","19208"
"06.9.2018","2400.00","2400.00","2400.00","2400.00","0.00","100","240000","240000"
"05.9.2018","2400.00","2400.00","2400.00","2400.00","-0.48","100","240000","240000"
"03.9.2018","2400.00","2480.00","2400.00","2411.59","-1.57","69","166400","166400"
"31.8.2018","2450.00","2450.00","2450.00","2450.00","0.04","273","668850","668850"
"30.8.2018","2449.00","2449.00","2449.00","2449.00","0.61","60","146940","146940"
"29.8.2018","2448.00","2449.00","2400.00","2434.14","2.71","342","832476","832476"
"27.8.2018","2370.00","2370.00","2370.00","2370.00","-1.25","41","97170","97170"
"24.8.2018","2400.00","2400.00","2400.00","2400.00","0.88","150","360000","360000"
"23.8.2018","2350.00","2400.00","2350.00","2379.17","-0.45","24","57100","1232100"
"22.8.2018","2390.00","2390.00","2390.00","2390.00","4.61","23","54970","54970"
"21.8.2018","2201.00","2300.00","2201.00","2284.72","-3.19","121","276451","276451"
"20.8.2018","2360.00","2360.00","2360.00","2360.00","-1.67","30","70800","70800"
"17.8.2018","2400.00","2400.00","2400.00","2400.00","0.04","140","336000","336000"
"16.8.2018","2399.00","2399.00","2399.00","2399.00","-0.04","20","47980","47980"
"15.8.2018","2400.00","2400.00","2400.00","2400.00","0.03","276","662400","662400"
"10.8.2018","2399.00","2400.00","2399.00","2399.37","-0.03","198","475076","475076"
"09.8.2018","2400.00","2400.00","2400.00","2400.00","-0.09","373","895200","895200"
"08.8.2018","2400.00","2410.00","2400.00","2402.14","0.03","147","353115","353115"
"07.8.2018","2401.00","2402.00","2401.00","2401.42","-1.98","60","144085","144085"
"01.8.2018","2450.00","2450.00","2450.00","2450.00","1.66","84","205800","205800"
"30.7.2018","2410.00","2410.00","2410.00","2410.00","-0.62","40","96400","96400"
"25.7.2018","2425.00","2425.00","2425.00","2425.00","0.04","500","1212500","1212500"
"20.7.2018","2425.00","2425.00","2424.00","2424.09","-0.04","110","266650","266650"
"19.7.2018","2425.00","2425.00","2425.00","2425.00","1.04","60","145500","145500"
"18.7.2018","2400.00","2400.00","2400.00","2400.00","1.95","58","139200","139200"
"17.7.2018","2352.00","2355.00","2352.00","2354.00","-1.92","150","353100","1467480"
"13.7.2018","2400.00","2400.00","2400.00","2400.00","-0.17","100","240000","240000"
"12.7.2018","2400.00","2449.00","2400.00","2404.09","-1.67","599","1440050","1440050"
"11.7.2018","2445.00","2445.00","2445.00","2445.00","1.45","100","244500","244500"
"10.7.2018","2410.00","2410.00","2410.00","2410.00","-1.63","20","48200","48200"
"09.7.2018","2450.00","2451.00","2450.00","2450.03","0.00","765","1874275","1874275"
"06.7.2018","2450.00","2450.00","2450.00","2450.00","0.00","214","524300","524300"
"05.7.2018","2450.00","2450.00","2450.00","2450.00","0.00","114","279300","279300"
"04.7.2018","2450.00","2450.00","2450.00","2450.00","-2.00","362","886900","886900"
"03.7.2018","2500.00","2500.00","2500.00","2500.00","0.00","65","162500","162500"
"02.7.2018","2500.00","2500.00","2500.00","2500.00","-0.09","195","487500","487500"
"29.6.2018","2500.00","2550.00","2500.00","2502.31","1.04","650","1626500","1626500"
"28.6.2018","2482.00","2482.00","2450.00","2476.67","2.74","60","148600","148600"
"27.6.2018","2400.00","2478.00","2400.00","2410.53","-5.63","200","482106","482106"
"26.6.2018","2510.00","2600.00","2510.00","2554.23","-3.61","499","1274560","1274560"
"25.6.2018","2650.00","2650.00","2649.00","2649.88","1.19","320","847960","847960"
"22.6.2018","2650.00","2650.00","2600.00","2618.83","8.01","572","1497970","1497970"
"21.6.2018","2400.00","2513.00","2400.00","2424.60","-6.39","147","356416","6205216"
"20.6.2018","2590.00","2600.00","2590.00","2590.16","1.31","608","1574820","1574820"
"19.6.2018","2590.00","2590.00","2549.00","2556.67","0.56","700","1789670","1789670"
"18.6.2018","2550.00","2550.00","2525.00","2542.36","1.69","275","699150","699150"
"14.6.2018","2500.00","2500.00","2500.00","2500.00","0.00","476","1190000","1190000"
"13.6.2018","2500.00","2500.00","2500.00","2500.00","1.45","163","407500","407500"
"12.6.2018","2468.00","2468.00","2449.00","2464.35","-0.23","260","640730","640730"
"08.6.2018","2470.00","2470.00","2470.00","2470.00","2.80","134","330980","330980"
"07.6.2018","2400.00","2470.00","2400.00","2402.79","0.13","251","603100","603100"
"06.6.2018","2400.00","2400.00","2398.00","2399.78","1.69","856","2054214","3096114"
"05.6.2018","2360.00","2360.00","2360.00","2360.00","0.35","40","94400","94400"
"04.6.2018","2350.00","2353.00","2350.00","2351.67","0.15","215","505610","505610"
"01.6.2018","2369.00","2369.00","2317.00","2348.11","2.09","135","316995","316995"
"31.5.2018","2300.00","2300.00","2300.00","2300.00","2.22","30","69000","69000"
"30.5.2018","2250.00","2250.00","2250.00","2250.00","-2.16","40","90000","90000"
"29.5.2018","2300.00","2300.00","2299.00","2299.69","-0.01","274","630116","630116"
"28.5.2018","2300.00","2300.00","2300.00","2300.00","-2.54","113","259900","259900"
"23.5.2018","2360.00","2360.00","2360.00","2360.00","-0.04","20","47200","47200"
"22.5.2018","2361.00","2361.00","2361.00","2361.00","-2.44","30","70830","70830"
"21.5.2018","2420.00","2420.00","2420.00","2420.00","0.00","11","26620","26620"
"18.5.2018","2420.00","2430.00","2400.00","2420.09","2.55","225","544520","544520"
"17.5.2018","2360.00","2360.00","2360.00","2360.00","-0.01","246","580560","580560"
"16.5.2018","2366.00","2366.00","2350.00","2360.18","0.86","786","1855104","1855104"
"15.5.2018","2367.00","2367.00","2335.00","2340.04","3.22","146","341646","341646"
"14.5.2018","2267.00","2267.00","2267.00","2267.00","3.00","287","650629","650629"
"11.5.2018","2201.00","2201.00","2201.00","2201.00","-2.69","33","72633","72633"
"08.5.2018","2265.00","2265.00","2250.00","2261.76","2.76","253","572225","572225"
"04.5.2018","2201.00","2201.00","2201.00","2201.00","-0.05","80","176080","176080"
"03.5.2018","2201.00","2203.00","2201.00","2202.10","0.07","272","598972","598972"
"02.5.2018","2201.00","2201.00","2200.00","2200.47","0.06","177","389484","389484"
"30.4.2018","2200.00","2200.00","2189.00","2199.18","1.89","229","503613","503613"
"27.4.2018","2160.00","2160.00","2158.00","2158.48","2.78","33","71230","71230"
"26.4.2018","2100.00","2100.00","2100.00","2100.00","0.02","35","73500","73500"
"25.4.2018","2100.00","2100.00","2099.00","2099.68","0.07","283","594209","594209"
"24.4.2018","2111.00","2111.00","2060.00","2098.25","2.34","60","125895","125895"
"23.4.2018","2059.00","2059.00","2046.00","2050.33","2.52","992","2033932","2033932"
"17.4.2018","2000.00","2000.00","2000.00","2000.00","0.00","97","194000","194000"
"16.4.2018","2000.00","2000.00","2000.00","2000.00","0.00","150","300000","300000"
"13.4.2018","2000.00","2000.00","2000.00","2000.00","-2.20","160","320000","320000"
"12.4.2018","2045.00","2045.00","2045.00","2045.00","1.23","15","30675","30675"
"11.4.2018","2010.00","2050.00","2000.00","2020.25","-1.40","400","808100","808100"
"10.4.2018","2050.00","2050.00","2040.00","2048.92","0.36","761","1559230","1559230"
"05.4.2018","2050.00","2050.00","2000.00","2041.61","2.08","600","1224968","2864968"
"04.4.2018","2000.00","2000.00","2000.00","2000.00","0.00","20","40000","40000"
"03.4.2018","2000.00","2000.00","2000.00","2000.00","-2.40","50","100000","100000"
"02.4.2018","2049.00","2050.00","2049.00","2049.25","2.46","40","81970","81970"
"30.3.2018","2000.00","2000.00","2000.00","2000.00","0.00","30","60000","60000"
"28.3.2018","2000.00","2000.00","2000.00","2000.00","-2.44","40","80000","80000"
"23.3.2018","2050.00","2050.00","2050.00","2050.00","-0.03","93","190650","190650"
"22.3.2018","2050.00","2052.00","2049.00","2050.70","-1.46","630","1291940","1291940"
"21.3.2018","2081.00","2081.00","2081.00","2081.00","-2.57","20","41620","41620"
"19.3.2018","2136.00","2136.00","2136.00","2136.00","-2.82","85","181560","181560"
"16.3.2018","2198.00","2198.00","2198.00","2198.00","2.90","50","109900","109900"
"15.3.2018","2136.00","2136.00","2136.00","2136.00","-2.88","3","6408","6408"
"14.3.2018","2200.00","2200.00","2196.00","2199.24","0.01","790","1737400","1737400"
"09.3.2018","2199.00","2199.00","2199.00","2199.00","-0.05","25","54975","54975"
"08.3.2018","2200.00","2200.00","2200.00","2200.00","-1.35","3","6600","6600"
"07.3.2018","2230.00","2230.00","2230.00","2230.00","8.77","12","26760","26760"
"06.3.2018","2051.00","2051.00","2050.00","2050.11","0.81","1888","3870600","3870600"
"05.3.2018","2010.00","2050.00","2010.00","2033.60","-0.80","444","902920","902920"
"02.3.2018","2050.00","2050.00","2050.00","2050.00","0.00","258","528900","528900"
"28.2.2018","2050.00","2050.00","2050.00","2050.00","2.35","72","147600","147600"
"27.2.2018","2003.00","2003.00","2003.00","2003.00","-2.29","10","20030","20030"
"23.2.2018","2050.00","2050.00","2050.00","2050.00","0.00","87","178350","178350"
"22.2.2018","2050.00","2050.00","2050.00","2050.00","0.00","704","1443200","1443200"
"21.2.2018","2050.00","2050.00","2050.00","2050.00","0.00","1140","2337000","2337000"
"20.2.2018","2050.00","2050.00","2050.00","2050.00","0.00","230","471500","471500"
"14.2.2018","2050.00","2050.00","2050.00","2050.00","0.00","586","1201300","1201300"
"13.2.2018","2050.00","2050.00","2050.00","2050.00","0.00","912","1869600","1869600"
"12.2.2018","2050.00","2050.00","2049.00","2049.92","0.00","145","297239","297239"
"09.2.2018","2050.00","2050.00","2050.00","2050.00","0.00","177","362850","362850"
"08.2.2018","2050.00","2050.00","2050.00","2050.00","0.00","50","102500","102500"
"07.2.2018","2050.00","2050.00","2050.00","2050.00","-0.09","50","102500","102500"
"05.2.2018","2110.00","2110.00","2050.00","2051.80","0.11","1332","2733000","2733000"
"02.2.2018","2050.00","2051.00","2049.00","2049.56","1.96","2590","5308354","5308354"
"01.2.2018","2010.00","2011.00","2010.00","2010.21","0.26","660","1326740","1326740"
"31.1.2018","2010.00","2010.00","2000.00","2005.00","0.25","400","802000","802000"
"30.1.2018","2000.00","2000.00","2000.00","2000.00","-0.40","3940","7880000","7880000"
"29.1.2018","2000.00","2010.00","2000.00","2008.09","0.29","618","1241000","1241000"
"26.1.2018","2000.00","2050.00","1999.00","2002.38","0.12","811","1623931","1623931"
"25.1.2018","2000.00","2000.00","2000.00","2000.00","0.04","53","106000","106000"
"23.1.2018","2000.00","2000.00","1999.00","1999.20","-0.04","1000","1999200","1999200"
"18.1.2018","2000.00","2000.00","2000.00","2000.00","0.03","70","140000","140000"
"17.1.2018","2000.00","2000.00","1999.00","1999.35","2.37","433","865718","865718"
"16.1.2018","1953.00","1953.00","1953.00","1953.00","-2.35","45","87885","87885"
"15.1.2018","2000.00","2000.00","2000.00","2000.00","0.00","220","440000","440000"
"12.1.2018","2000.00","2000.00","2000.00","2000.00","0.00","70","140000","140000"
"11.1.2018","2000.00","2000.00","2000.00","2000.00","5.26","10","20000","20000"
"10.1.2018","1900.00","1901.00","1900.00","1900.04","0.00","1665","3163560","3163560"
"09.1.2018","1900.00","1900.00","1900.00","1900.00","0.00","215","408500","408500"
"04.1.2018","1900.00","1900.00","1900.00","1900.00","0.00","132","250800","250800"
"03.1.2018","1900.00","1900.00","1900.00","1900.00","0.00","20","38000","38000"
"25.12.2019","2449.00","2449.00","2448.00","2448.97","0.00","817","2000811","2000811"
"23.12.2019","2449.00","2449.00","2449.00","2449.00","8.61","12","29388","29388"
"20.12.2019","2308.00","2308.00","2250.00","2254.83","0.59","3600","8117400","8117400"
"19.12.2019","2250.00","2250.00","2210.00","2241.57","-6.60","2294","5142156","5142156"
"17.12.2019","2400.00","2400.00","2400.00","2400.00","0.00","50","120000","120000"
"16.12.2019","2400.00","2400.00","2400.00","2400.00","0.42","190","456000","456000"
"13.12.2019","2390.00","2390.00","2390.00","2390.00","1.27","40","95600","95600"
"12.12.2019","2360.00","2360.00","2360.00","2360.00","0.09","400","944000","944000"
"10.12.2019","2365.00","2365.00","2350.00","2357.79","-0.17","104","245210","245210"
"06.12.2019","2389.00","2389.00","2300.00","2361.91","2.69","115","271620","271620"
"05.12.2019","2300.00","2300.00","2300.00","2300.00","0.00","228","524400","524400"
"04.12.2019","2300.00","2300.00","2300.00","2300.00","0.00","223","512900","512900"
"02.12.2019","2300.00","2300.00","2300.00","2300.00","0.00","70","161000","161000"
"29.11.2019","2300.00","2300.00","2300.00","2300.00","2.22","50","115000","115000"
"26.11.2019","2250.00","2250.00","2250.00","2250.00","-0.04","3","6750","6750"
"25.11.2019","2251.00","2251.00","2251.00","2251.00","-2.13","5","11255","11255"
"22.11.2019","2300.00","2300.00","2300.00","2300.00","0.00","15","34500","34500"
"20.11.2019","2300.00","2300.00","2300.00","2300.00","-2.00","65","149500","149500"
"11.11.2019","2350.00","2350.00","2340.00","2346.84","2.21","500","1173419","1173419"
"08.11.2019","2296.00","2296.00","2296.00","2296.00","6.79","22","50512","50512"
"31.10.2019","2150.00","2150.00","2150.00","2150.00","0.00","67","144050","144050"
"30.10.2019","2150.00","2150.00","2150.00","2150.00","0.00","66","141900","141900"
"28.10.2019","2150.00","2150.00","2150.00","2150.00","0.00","23","49450","49450"
"25.10.2019","2150.00","2150.00","2150.00","2150.00","-0.05","50","107500","107500"
"18.10.2019","2150.00","2152.00","2150.00","2151.02","-1.74","120","258122","258122"
"17.10.2019","2189.00","2189.00","2189.00","2189.00","-3.89","50","109450","109450"
"15.10.2019","2310.00","2310.00","2250.00","2277.50","1.22","200","455500","455500"
"14.10.2019","2250.00","2250.00","2250.00","2250.00","-2.58","500","1125000","1125000"
"09.10.2019","2355.00","2355.00","2276.00","2309.53","4.47","75","173215","173215"
"08.10.2019","2250.00","2250.00","2200.00","2210.66","0.48","211","466450","466450"
"07.10.2019","2200.00","2200.00","2200.00","2200.00","0.00","355","781000","781000"
"04.10.2019","2200.00","2200.00","2200.00","2200.00","-1.35","60","132000","132000"
"02.10.2019","2230.00","2230.00","2230.00","2230.00","2.29","65","144950","144950"
"01.10.2019","2180.00","2180.00","2180.00","2180.00","-0.68","98","213640","213640"
"24.9.2019","2180.00","2200.00","2180.00","2195.00","-0.23","24","52680","52680"
"23.9.2019","2200.00","2200.00","2200.00","2200.00","0.00","162","356400","356400"
"19.9.2019","2200.00","2200.00","2200.00","2200.00","0.00","100","220000","220000"
"16.9.2019","2200.00","2200.00","2200.00","2200.00","0.00","100","220000","220000"
"10.9.2019","2200.00","2200.00","2200.00","2200.00","4.22","232","510400","510400"
"04.9.2019","2111.00","2111.00","2111.00","2111.00","-6.18","25","52775","52775"
"29.8.2019","2250.00","2250.00","2250.00","2250.00","0.00","30","67500","67500"
"27.8.2019","2250.00","2250.00","2250.00","2250.00","0.00","70","157500","157500"
"23.8.2019","2250.00","2250.00","2250.00","2250.00","0.00","79","177750","177750"
"22.8.2019","2250.00","2250.00","2250.00","2250.00","-0.30","60","135000","135000"
"20.8.2019","2250.00","2297.00","2250.00","2256.71","-0.63","350","789850","789850"
"15.8.2019","2250.00","2300.00","2250.00","2271.02","0.00","306","694933","694933"
"14.8.2019","2271.00","2271.00","2271.00","2271.00","-2.99","100","227100","227100"
"12.8.2019","2341.00","2341.00","2341.00","2341.00","1.79","20","46820","46820"
"09.8.2019","2300.00","2300.00","2299.00","2299.89","1.11","502","1154544","1154544"
"08.8.2019","2279.00","2279.00","2270.00","2274.66","0.24","193","439010","439010"
"07.8.2019","2270.00","2270.00","2269.00","2269.14","-0.35","50","113457","113457"
"06.8.2019","2299.00","2299.00","2270.00","2277.08","1.20","167","380273","380273"
"05.8.2019","2250.00","2250.00","2250.00","2250.00","-0.96","100","225000","225000"
"31.7.2019","2250.00","2290.00","2250.00","2271.82","1.05","110","249900","249900"
"30.7.2019","2290.00","2300.00","2160.00","2248.30","7.06","559","1256798","1256798"
"29.7.2019","2100.00","2100.00","2100.00","2100.00","0.00","160","336000","336000"
"26.7.2019","2100.00","2100.00","2100.00","2100.00","0.00","100","210000","210000"
"24.7.2019","2100.00","2100.00","2100.00","2100.00","1.29","102","214200","214200"
"22.7.2019","2070.00","2080.00","2070.00","2073.33","-1.29","300","622000","622000"
"18.7.2019","2100.00","2101.00","2100.00","2100.40","0.02","163","342365","342365"
"17.7.2019","2100.00","2100.00","2100.00","2100.00","-0.03","140","294000","294000"
"16.7.2019","2100.00","2102.00","2100.00","2100.61","-2.30","216","453732","453732"
"12.7.2019","2150.00","2150.00","2150.00","2150.00","0.00","40","86000","86000"
"08.7.2019","2150.00","2150.00","2150.00","2150.00","-2.27","60","129000","129000"
"28.6.2019","2200.00","2200.00","2200.00","2200.00","2.33","30","66000","66000"
"27.6.2019","2150.00","2150.00","2150.00","2150.00","2.87","30","64500","64500"
"26.6.2019","2090.00","2090.00","2090.00","2090.00","0.00","101","211090","211090"
"25.6.2019","2090.00","2090.00","2090.00","2090.00","0.00","22","45980","45980"
"24.6.2019","2090.00","2090.00","2090.00","2090.00","1.11","5","10450","10450"
"20.6.2019","2067.00","2068.00","2067.00","2067.06","-2.95","858","1773536","1773536"
"18.6.2019","2130.00","2130.00","2130.00","2130.00","-3.18","100","213000","213000"
"11.6.2019","2200.00","2200.00","2200.00","2200.00","0.00","1","2200","2200"
"07.6.2019","2200.00","2200.00","2200.00","2200.00","-0.45","1","2200","2200"
"30.5.2019","2210.00","2210.00","2210.00","2210.00","0.00","90","198900","198900"
"27.5.2019","2207.00","2211.00","2207.00","2210.03","-3.42","278","614388","614388"
"23.5.2019","2289.00","2289.00","2288.00","2288.40","1.16","150","343260","343260"
"22.5.2019","2290.00","2290.00","2249.00","2262.13","-0.78","356","805320","805320"
"20.5.2019","2280.00","2280.00","2280.00","2280.00","1.15","70","159600","159600"
"17.5.2019","2250.00","2280.00","2250.00","2254.02","0.18","403","908370","908370"
"16.5.2019","2250.00","2300.00","2230.00","2250.00","-1.10","130","292500","292500"
"15.5.2019","2275.00","2275.00","2275.00","2275.00","-0.83","10","22750","22750"
"07.5.2019","2300.00","2300.00","2290.00","2294.06","0.62","90","206465","206465"
"06.5.2019","2280.00","2280.00","2280.00","2280.00","0.80","32","72960","72960"
"23.4.2019","2262.00","2262.00","2262.00","2262.00","-1.57","200","452400","452400"
"22.4.2019","2298.00","2298.00","2298.00","2298.00","2.09","3","6894","6894"
"18.4.2019","2251.00","2251.00","2251.00","2251.00","-2.09","100","225100","225100"
"16.4.2019","2299.00","2299.00","2299.00","2299.00","-0.04","85","195415","195415"
"15.4.2019","2300.00","2300.00","2300.00","2300.00","-0.08","25","57500","57500"
"10.4.2019","2298.00","2310.00","2298.00","2301.95","0.08","733","1687331","1687331"
"09.4.2019","2300.00","2300.00","2300.00","2300.00","0.00","114","262200","262200"
"08.4.2019","2300.00","2300.00","2300.00","2300.00","-1.29","26","59800","59800"
"02.4.2019","2330.00","2330.00","2330.00","2330.00","-0.85","100","233000","233000"
"27.3.2019","2350.00","2350.00","2350.00","2350.00","0.74","30","70500","70500"
"26.3.2019","2350.00","2350.00","2320.00","2332.66","1.26","143","333571","333571"
"25.3.2019","2320.00","2320.00","2301.00","2303.56","0.14","126","290249","290249"
"22.3.2019","2301.00","2301.00","2300.00","2300.35","0.00","405","931640","12286740"
"19.3.2019","2300.00","2301.00","2300.00","2300.33","-2.11","299","687800","687800"
"15.3.2019","2350.00","2350.00","2350.00","2350.00","2.17","50","117500","117500"
"13.3.2019","2300.00","2300.00","2300.00","2300.00","-2.57","148","340400","340400"
"05.3.2019","2370.00","2370.00","2350.00","2360.75","-0.38","186","439100","439100"
"04.3.2019","2371.00","2371.00","2368.00","2369.67","2.91","219","518957","518957"
"01.3.2019","2300.00","2305.00","2300.00","2302.65","0.06","113","260200","260200"
"27.2.2019","2302.00","2302.00","2300.00","2301.35","-2.07","185","425750","425750"
"26.2.2019","2350.00","2354.00","2349.00","2349.89","0.04","265","622721","622721"
"25.2.2019","2349.00","2349.00","2349.00","2349.00","2.02","22","51678","51678"
"22.2.2019","2300.00","2306.00","2300.00","2302.54","0.11","276","635500","635500"
"21.2.2019","2300.00","2300.00","2300.00","2300.00","0.62","50","115000","115000"
"20.2.2019","2286.00","2286.00","2285.00","2285.84","2.07","245","560030","560030"
"19.2.2019","2286.00","2286.00","2200.00","2239.38","0.87","486","1088340","1088340"
"15.2.2019","2220.00","2220.00","2220.00","2220.00","0.43","8","17760","17760"
"13.2.2019","2220.00","2220.00","2200.00","2210.39","0.47","306","676380","676380"
"11.2.2019","2200.00","2200.00","2200.00","2200.00","-0.68","3","6600","6600"
"06.2.2019","2215.00","2215.00","2215.00","2215.00","-0.85","41","90815","90815"
"04.2.2019","2235.00","2235.00","2234.00","2234.09","-0.04","157","350752","350752"
"31.1.2019","2235.00","2235.00","2235.00","2235.00","1.59","195","435825","435825"
"30.1.2019","2200.00","2201.00","2200.00","2200.06","-1.49","222","488414","488414"
"25.1.2019","2250.00","2250.00","2200.00","2233.44","0.61","299","667800","667800"
"24.1.2019","2220.00","2220.00","2220.00","2220.00","2.99","15","33300","33300"
"23.1.2019","2143.00","2200.00","2143.00","2155.54","-2.42","100","215554","215554"
"21.1.2019","2209.00","2209.00","2209.00","2209.00","2.98","5","11045","11045"
"18.1.2019","2145.00","2145.00","2145.00","2145.00","2.97","50","107250","107250"
"16.1.2019","2100.00","2100.00","2037.00","2083.05","-0.80","3445","7176105","7176105"
"14.1.2019","2100.00","2100.00","2099.00","2099.82","-1.66","402","844129","844129"
"10.1.2019","2100.00","2160.00","2100.00","2135.33","-1.28","261","557320","557320"
"09.1.2019","2163.00","2163.00","2163.00","2163.00","3.00","310","670530","670530"
"08.1.2019","2100.00","2100.00","2100.00","2100.00","0.00","192","403200","403200"
"04.1.2019","2100.00","2100.00","2100.00","2100.00","0.00","170","357000","357000"
"30.12.2020","2400.00","2400.00","2400.00","2400.00","0.00","350","840000","840000"
"29.12.2020","2400.00","2400.00","2400.00","2400.00","0.00","150","360000","360000"
"28.12.2020","2400.00","2400.00","2400.00","2400.00","0.00","332","796800","796800"
"25.12.2020","2400.00","2400.00","2399.00","2399.95","0.00","283","679185","679185"
"24.12.2020","2400.00","2400.00","2400.00","2400.00","0.00","200","480000","480000"
"23.12.2020","2400.00","2400.00","2400.00","2400.00","0.00","317","760800","760800"
"22.12.2020","2400.00","2401.00","2400.00","2400.06","0.00","543","1303230","1303230"
"21.12.2020","2400.00","2400.00","2400.00","2400.00","1.92","1000","2400000","2400000"
"14.12.2020","2350.00","2451.00","2350.00","2354.81","-2.69","1050","2472550","2472550"
"27.11.2020","2420.00","2420.00","2420.00","2420.00","0.00","49","118580","118580"
"26.11.2020","2420.00","2420.00","2420.00","2420.00","0.00","51","123420","123420"
"24.11.2020","2420.00","2420.00","2420.00","2420.00","0.00","15","36300","36300"
"04.11.2020","2420.00","2420.00","2420.00","2420.00","0.05","762","1844040","1844040"
"03.11.2020","2450.00","2450.00","2400.00","2418.85","7.03","296","715980","715980"
"28.10.2020","2260.00","2260.00","2260.00","2260.00","-5.04","60","135600","135600"
"22.10.2020","2380.00","2380.00","2380.00","2380.00","0.00","20","47600","47600"
"15.10.2020","2395.00","2395.00","2360.00","2380.08","-0.83","61","145185","145185"
"08.10.2020","2400.00","2400.00","2400.00","2400.00","-0.48","24","57600","57600"
"01.10.2020","2450.00","2450.00","2390.00","2411.65","0.49","1000","2411650","2411650"
"28.9.2020","2400.00","2400.00","2400.00","2400.00","0.00","100","240000","240000"
"25.9.2020","2400.00","2400.00","2400.00","2400.00","0.00","1245","2988000","2988000"
"24.9.2020","2400.00","2400.00","2400.00","2400.00","0.00","150","360000","360000"
"23.9.2020","2400.00","2400.00","2400.00","2400.00","0.00","400","960000","960000"
"18.9.2020","2400.00","2401.00","2400.00","2400.00","0.02","2029","4869610","4869610"
"14.9.2020","2400.00","2400.00","2399.00","2399.57","-0.01","326","782260","782260"
"11.9.2020","2400.00","2400.00","2399.00","2399.82","-1.04","600","1439889","1439889"
"03.9.2020","2425.00","2425.00","2425.00","2425.00","0.02","50","121250","121250"
"19.8.2020","2400.00","2449.00","2400.00","2424.50","5.41","40","96980","96980"
"18.8.2020","2300.00","2300.00","2300.00","2300.00","0.01","63","144900","144900"
"17.8.2020","2300.00","2300.00","2299.00","2299.86","1.49","280","643960","643960"
"14.8.2020","2266.00","2266.00","2266.00","2266.00","3.00","30","67980","67980"
"13.8.2020","2200.00","2200.00","2200.00","2200.00","-8.30","45","99000","99000"
"30.7.2020","2399.00","2399.00","2399.00","2399.00","9.05","5","11995","11995"
"28.7.2020","2200.00","2200.00","2200.00","2200.00","-2.14","160","352000","352000"
"22.7.2020","2248.00","2248.00","2248.00","2248.00","2.18","50","112400","112400"
"21.7.2020","2200.00","2200.00","2200.00","2200.00","-2.22","210","462000","462000"
"08.7.2020","2250.00","2250.00","2250.00","2250.00","2.27","80","180000","180000"
"07.7.2020","2200.00","2200.00","2200.00","2200.00","0.00","305","671000","671000"
"06.7.2020","2200.00","2200.00","2200.00","2200.00","2.33","86","189200","189200"
"03.7.2020","2150.00","2150.00","2150.00","2150.00","4.37","465","999750","999750"
"30.6.2020","2060.00","2060.00","2060.00","2060.00","3.00","10","20600","20600"
"26.6.2020","2000.00","2010.00","2000.00","2000.02","0.00","4000","8000100","8000100"
"22.6.2020","2000.00","2000.00","2000.00","2000.00","0.00","941","1882000","1882000"
"19.6.2020","2000.00","2000.00","2000.00","2000.00","0.00","289","578000","578000"
"17.6.2020","2000.00","2000.00","2000.00","2000.00","0.00","30","60000","60000"
"16.6.2020","2000.00","2000.00","1999.00","1999.98","-0.75","2050","4099950","4099950"
"11.6.2020","2015.00","2015.00","2015.00","2015.00","0.00","800","1612000","1612000"
"04.6.2020","2015.00","2015.00","2015.00","2015.00","-2.92","446","898690","898690"
"29.5.2020","2075.00","2076.00","2075.00","2075.64","-0.22","70","145295","145295"
"27.5.2020","2089.00","2089.00","2050.00","2080.25","2.93","160","332840","332840"
"22.5.2020","2021.00","2021.00","2021.00","2021.00","1.05","14","28294","28294"
"20.5.2020","2000.00","2000.00","2000.00","2000.00","0.74","795","1590000","1590000"
"19.5.2020","2000.00","2000.00","1980.00","1985.24","-0.74","3158","6269400","6269400"
"15.5.2020","2000.00","2000.00","2000.00","2000.00","-0.74","138","276000","276000"
"12.5.2020","2015.00","2015.00","2015.00","2015.00","2.96","186","374790","374790"
"05.5.2020","1957.00","1957.00","1957.00","1957.00","3.00","14","27398","27398"
"04.5.2020","1900.00","1900.00","1900.00","1900.00","-2.56","152","288800","288800"
"28.4.2020","1950.00","1950.00","1950.00","1950.00","0.00","256","499200","499200"
"27.4.2020","1950.00","1950.00","1950.00","1950.00","2.63","155","302250","302250"
"23.4.2020","1900.00","1900.00","1900.00","1900.00","2.48","200","380000","380000"
"22.4.2020","1854.00","1854.00","1854.00","1854.00","3.00","369","684126","684126"
"21.4.2020","1800.00","1800.00","1800.00","1800.00","0.00","100","180000","180000"
"16.4.2020","1800.00","1800.00","1800.00","1800.00","0.00","35","63000","63000"
"13.4.2020","1800.00","1800.00","1800.00","1800.00","0.00","45","81000","81000"
"10.4.2020","1800.00","1800.00","1800.00","1800.00","-1.64","45","81000","81000"
"09.4.2020","1830.00","1830.00","1830.00","1830.00","1.46","10","18300","18300"
"08.4.2020","1800.00","1830.00","1800.00","1803.66","-4.32","820","1479000","1479000"
"07.4.2020","1885.00","1885.00","1885.00","1885.00","0.00","310","584350","584350"
"31.3.2020","1959.00","1959.00","1811.00","1885.00","5.78","60","113100","113100"
"26.3.2020","1782.00","1782.00","1782.00","1782.00","9.99","1","1782","1782"
"25.3.2020","1620.00","1626.00","1620.00","1620.21","4.51","1431","2318520","2318520"
"24.3.2020","1550.00","1551.00","1550.00","1550.22","-3.59","137","212380","212380"
"23.3.2020","1608.00","1608.00","1608.00","1608.00","-4.96","50","80400","80400"
"20.3.2020","1630.00","1740.00","1630.00","1692.00","-1.34","150","253800","253800"
"19.3.2020","1715.00","1715.00","1715.00","1715.00","-4.99","1821","3123015","3123015"
"18.3.2020","1805.00","1805.00","1805.00","1805.00","-5.00","250","451250","451250"
"17.3.2020","1900.00","1900.00","1900.00","1900.00","-5.00","10","19000","19000"
"16.3.2020","2000.00","2000.00","2000.00","2000.00","0.00","43","86000","86000"
"13.3.2020","2000.00","2000.00","2000.00","2000.00","2.56","329","658000","658000"
"12.3.2020","1950.00","1950.00","1950.00","1950.00","-8.86","285","555750","555750"
"11.3.2020","2150.00","2150.00","2090.00","2139.56","0.22","2280","4878192","4878192"
"09.3.2020","2132.00","2197.00","2132.00","2134.89","-7.08","2250","4803500","4803500"
"06.3.2020","2298.00","2300.00","2290.00","2297.55","2.09","1177","2704215","2704215"
"05.3.2020","2250.00","2252.00","2250.00","2250.50","2.91","200","450100","450100"
"03.3.2020","2299.00","2299.00","2150.00","2186.90","-0.60","1000","2186900","2186900"
"28.2.2020","2200.00","2200.00","2200.00","2200.00","0.00","200","440000","440000"
"27.2.2020","2200.00","2200.00","2200.00","2200.00","0.02","200","440000","440000"
"26.2.2020","2200.00","2200.00","2199.00","2199.63","-0.02","352","774270","774270"
"25.2.2020","2200.00","2200.00","2200.00","2200.00","0.00","297","653400","653400"
"24.2.2020","2200.00","2200.00","2200.00","2200.00","0.00","50","110000","110000"
"21.2.2020","2200.00","2200.00","2200.00","2200.00","-0.95","10","22000","22000"
"19.2.2020","2221.00","2221.00","2221.00","2221.00","-2.01","50","111050","111050"
"13.2.2020","2240.00","2290.00","2240.00","2266.67","-1.02","150","340000","340000"
"11.2.2020","2290.00","2290.00","2290.00","2290.00","-0.04","100","229000","229000"
"10.2.2020","2291.00","2291.00","2291.00","2291.00","-4.54","50","114550","114550"
"07.2.2020","2400.00","2400.00","2400.00","2400.00","0.00","35","84000","84000"
"06.2.2020","2400.00","2400.00","2400.00","2400.00","0.00","28","67200","67200"
"05.2.2020","2400.00","2400.00","2400.00","2400.00","-2.04","20","48000","48000"
"22.1.2020","2450.00","2450.00","2450.00","2450.00","5.60","10","24500","24500"
"20.1.2020","2320.00","2320.00","2320.00","2320.00","-2.93","30","69600","69600"
"16.1.2020","2390.00","2390.00","2390.00","2390.00","-7.00","100","239000","239000"
"15.1.2020","2570.00","2570.00","2570.00","2570.00","2.80","29","74530","74530"
"14.1.2020","2500.00","2500.00","2500.00","2500.00","4.05","50","125000","125000"
"13.1.2020","2449.00","2449.00","2390.00","2402.79","-1.89","305","732850","732850"
"29.12.2021","2701.00","2701.00","2701.00","2701.00","0.04","50","135050","135050"
"28.12.2021","2700.00","2700.00","2700.00","2700.00","3.45","15","40500","40500"
"21.12.2021","2610.00","2610.00","2610.00","2610.00","0.00","85","221850","221850"
"20.12.2021","2610.00","2610.00","2610.00","2610.00","-2.97","50","130500","130500"
"17.12.2021","2690.00","2690.00","2690.00","2690.00","-0.96","34","91460","91460"
"23.11.2021","2716.00","2716.00","2716.00","2716.00","-2.97","400","1086400","1086400"
"12.11.2021","2799.00","2799.00","2799.00","2799.00","0.29","24","67176","67176"
"11.11.2021","2791.00","2791.00","2791.00","2791.00","-3.09","100","279100","279100"
"22.10.2021","2880.00","2880.00","2880.00","2880.00","-0.28","63","181440","181440"
"21.10.2021","2888.00","2888.00","2888.00","2888.00","-0.03","83","239704","239704"
"22.9.2021","2889.00","2889.00","2889.00","2889.00","2.70","80","231120","231120"
"21.9.2021","2813.00","2813.00","2813.00","2813.00","-3.00","100","281300","281300"
"16.9.2021","2900.00","2900.00","2900.00","2900.00","0.80","200","580000","2900000"
"15.9.2021","2877.00","2877.00","2877.00","2877.00","-0.66","20","57540","57540"
"02.9.2021","2896.00","2896.00","2896.00","2896.00","-0.07","100","289600","289600"
"17.8.2021","2899.00","2899.00","2898.00","2898.10","-0.03","100","289810","289810"
"05.8.2021","2899.00","2899.00","2899.00","2899.00","-0.03","150","434850","434850"
"08.7.2021","2900.00","2900.00","2900.00","2900.00","-0.65","13","37700","37700"
"15.6.2021","2919.00","2919.00","2919.00","2919.00","0.00","13","37947","37947"
"03.6.2021","2920.00","2920.00","2919.00","2919.10","1.04","100","291910","291910"
"02.6.2021","2889.00","2889.00","2889.00","2889.00","5.05","998","2883222","2883222"
"01.6.2021","2750.00","2750.00","2750.00","2750.00","1.72","1200","3300000","3300000"
"31.5.2021","2800.00","2800.00","2699.00","2703.47","2.71","940","2541258","2541258"
"28.5.2021","2601.00","2655.00","2601.00","2632.20","-1.60","737","1939930","1939930"
"27.5.2021","2700.00","2700.00","2649.00","2674.97","1.00","159","425321","425321"
"25.5.2021","2649.00","2649.00","2648.00","2648.59","1.18","121","320479","320479"
"19.5.2021","2650.00","2650.00","2600.00","2617.67","0.69","283","740800","740800"
"18.5.2021","2599.00","2600.00","2599.00","2599.70","0.07","167","434150","434150"
"17.5.2021","2600.00","2600.00","2580.00","2597.89","1.35","533","1384675","1384675"
"14.5.2021","2580.00","2580.00","2550.00","2563.41","0.13","41","105100","105100"
"05.5.2021","2560.00","2560.00","2560.00","2560.00","-0.78","30","76800","76800"
"13.4.2021","2580.00","2580.00","2580.00","2580.00","0.08","100","258000","258000"
"26.3.2021","2580.00","2590.00","2500.00","2577.93","3.12","387","997660","997660"
"22.3.2021","2500.00","2500.00","2500.00","2500.00","-2.88","104","260000","260000"
"11.3.2021","2580.00","2580.00","2550.00","2574.19","-1.23","62","159600","159600"
"09.3.2021","2599.00","2610.00","2599.00","2606.33","-3.11","45","117285","117285"
"04.3.2021","2690.00","2690.00","2690.00","2690.00","0.45","33","88770","88770"
"03.3.2021","2678.00","2678.00","2678.00","2678.00","3.00","25","66950","66950"
"02.3.2021","2600.00","2600.00","2600.00","2600.00","3.09","30","78000","78000"
"26.2.2021","2522.00","2522.00","2522.00","2522.00","-2.25","90","226980","226980"
"25.2.2021","2580.00","2580.00","2580.00","2580.00","-0.77","31","79980","79980"
"23.2.2021","2600.00","2600.00","2600.00","2600.00","-0.01","13","33800","33800"
"22.2.2021","2600.00","2601.00","2600.00","2600.14","-1.88","87","226212","226212"
"16.2.2021","2650.00","2650.00","2650.00","2650.00","1.98","30","79500","79500"
"08.2.2021","2600.00","2600.00","2560.00","2598.65","1.55","1035","2689600","2689600"
"05.2.2021","2559.00","2559.00","2559.00","2559.00","2.85","15","38385","38385"
"04.2.2021","2488.00","2488.00","2488.00","2488.00","-1.66","50","124400","124400"
"21.1.2021","2530.00","2530.00","2530.00","2530.00","0.00","35","88550","88550"
"20.1.2021","2530.00","2530.00","2530.00","2530.00","-1.09","65","164450","164450"
"12.1.2021","2550.00","2571.00","2550.00","2557.78","2.31","54","138120","138120"
"11.1.2021","2500.00","2500.00","2500.00","2500.00","0.04","41","102500","102500"
"08.1.2021","2499.00","2499.00","2499.00","2499.00","4.12","30","74970","74970"
"05.1.2021","2400.00","2400.00","2400.00","2400.00","0.29","150","360000","360000"
"04.1.2021","2390.00","2400.00","2390.00","2392.99","-0.29","695","1663130","1663130"
"29.12.2022","4020.00","4020.00","4000.00","4005.60","2.48","175","700980","700980"
"28.12.2022","3950.00","3950.00","3900.00","3908.70","1.59","115","449500","449500"
"27.12.2022","3850.00","3880.00","3812.00","3847.35","4.46","98","377040","377040"
"26.12.2022","3812.00","3812.00","3630.00","3683.24","4.38","255","939225","939225"
"23.12.2022","3550.00","3550.00","3525.00","3528.60","2.74","125","441075","441075"
"20.12.2022","3435.00","3435.00","3435.00","3435.00","1.06","190","652650","652650"
"19.12.2022","3399.00","3399.00","3399.00","3399.00","0.00","45","152955","152955"
"16.12.2022","3399.00","3399.00","3399.00","3399.00","3.00","35","118965","118965"
"13.12.2022","3300.00","3300.00","3300.00","3300.00","-0.36","120","396000","396000"
"24.11.2022","3300.00","3369.00","3300.00","3312.32","5.14","308","1020195","1020195"
"17.11.2022","3150.00","3150.00","3150.00","3150.00","-4.34","51","160650","160650"
"01.11.2022","3293.00","3293.00","3293.00","3293.00","-2.98","7","23051","23051"
"31.10.2022","3385.00","3400.00","3302.00","3394.16","0.41","172","583796","583796"
"28.10.2022","3379.00","3380.00","3379.00","3379.72","1.50","253","855070","855070"
"27.10.2022","3333.00","3333.00","3301.00","3330.09","-2.03","11","36631","36631"
"21.10.2022","3400.00","3400.00","3393.00","3399.14","2.88","320","1087725","1087725"
"20.10.2022","3300.00","3320.00","3300.00","3303.71","-2.62","143","472431","472431"
"18.10.2022","3393.00","3393.00","3393.00","3393.00","2.97","85","288405","288405"
"17.10.2022","3296.00","3296.00","3270.00","3295.00","2.97","26","85670","85670"
"07.10.2022","3200.00","3200.00","3200.00","3200.00","0.95","80","256000","256000"
"28.9.2022","3170.00","3170.00","3170.00","3170.00","-0.13","320","1014400","1014400"
"26.9.2022","3170.00","3175.00","3170.00","3173.75","-1.70","80","253900","253900"
"20.9.2022","3200.00","3270.00","3200.00","3228.92","-3.98","167","539230","539230"
"19.9.2022","3303.00","3404.00","3303.00","3362.89","-1.23","91","306023","306023"
"16.9.2022","3405.00","3405.00","3400.00","3404.88","9.98","1231","4191405","4191405"
"15.9.2022","3096.00","3096.00","3096.00","3096.00","9.98","10","30960","30960"
"14.9.2022","2810.00","2850.00","2800.00","2815.27","-1.23","262","737600","737600"
"13.9.2022","2850.00","2850.00","2850.00","2850.00","0.00","78","222300","222300"
"02.9.2022","2850.00","2850.00","2850.00","2850.00","1.79","350","997500","997500"
"30.8.2022","2800.00","2800.00","2800.00","2800.00","0.00","40","112000","112000"
"29.8.2022","2800.00","2800.00","2800.00","2800.00","-0.85","60","168000","168000"
"22.8.2022","2824.00","2824.00","2824.00","2824.00","0.00","14","39536","39536"
"18.8.2022","2824.00","2824.00","2824.00","2824.00","0.00","86","242864","242864"
"17.8.2022","2824.00","2824.00","2824.00","2824.00","0.86","60","169440","169440"
"28.7.2022","2800.00","2800.00","2800.00","2800.00","-0.92","34","95200","95200"
"26.7.2022","2824.00","2828.00","2824.00","2825.62","-2.52","84","237352","237352"
"15.7.2022","2899.00","2899.00","2899.00","2899.00","3.54","20","57980","57980"
"13.7.2022","2800.00","2800.00","2800.00","2800.00","0.36","50","140000","140000"
"08.7.2022","2790.00","2790.00","2790.00","2790.00","-10.00","101","281790","281790"
"09.6.2022","3100.00","3100.00","3100.00","3100.00","0.00","409","1267900","1267900"
"08.6.2022","3100.00","3100.00","3100.00","3100.00","1.64","191","592100","592100"
"07.6.2022","3050.00","3050.00","3050.00","3050.00","0.96","148","451400","451400"
"06.6.2022","3000.00","3090.00","3000.00","3020.77","0.70","130","392700","392700"
"03.6.2022","3000.00","3000.00","3000.00","3000.00","9.09","10","30000","30000"
"01.6.2022","2750.00","2750.00","2750.00","2750.00","3.77","441","1212750","1212750"
"31.5.2022","2650.00","2650.00","2650.00","2650.00","0.00","44","116600","116600"
"30.5.2022","2650.00","2650.00","2650.00","2650.00","0.00","200","530000","530000"
"23.5.2022","2650.00","2650.00","2650.00","2650.00","0.00","112","296800","296800"
"10.5.2022","2650.00","2650.00","2650.00","2650.00","-1.85","100","265000","265000"
"06.5.2022","2700.00","2700.00","2700.00","2700.00","0.00","50","135000","135000"
"04.5.2022","2700.00","2700.00","2700.00","2700.00","0.04","100","270000","270000"
"29.4.2022","2700.00","2700.00","2699.00","2699.30","-3.61","100","269930","269930"
"26.4.2022","2800.00","2800.00","2800.00","2800.00","0.00","21","58800","58800"
"21.4.2022","2800.00","2800.00","2800.00","2800.00","1.82","48","134400","134400"
"20.4.2022","2750.00","2750.00","2750.00","2750.00","-1.79","13","35750","35750"
"12.4.2022","2800.00","2800.00","2800.00","2800.00","1.82","5","14000","14000"
"08.4.2022","2750.00","2750.00","2750.00","2750.00","0.00","46","126500","126500"
"01.4.2022","2750.00","2750.00","2750.00","2750.00","0.00","100","275000","275000"
"31.3.2022","2750.00","2750.00","2750.00","2750.00","-3.51","60","165000","165000"
"30.3.2022","2850.00","2850.00","2850.00","2850.00","3.64","30","85500","85500"
"24.3.2022","2750.00","2750.00","2750.00","2750.00","-2.67","155","426250","426250"
"15.3.2022","2854.00","2854.00","2800.00","2825.58","0.91","95","268430","268430"
"11.3.2022","2800.00","2800.00","2800.00","2800.00","7.69","100","280000","280000"
"10.3.2022","2600.00","2600.00","2600.00","2600.00","-3.70","175","455000","455000"
"09.3.2022","2700.00","2700.00","2700.00","2700.00","-2.56","100","270000","270000"
"07.3.2022","2750.00","2782.00","2750.00","2770.97","0.05","145","401790","401790"
"04.3.2022","2700.00","2825.00","2700.00","2769.67","-4.89","180","498540","498540"
"25.2.2022","2830.00","2980.00","2830.00","2912.21","0.34","434","1263900","1263900"
"23.2.2022","2900.00","2950.00","2900.00","2902.38","-1.61","105","304750","304750"
"22.2.2022","2950.00","2950.00","2950.00","2950.00","0.00","160","472000","472000"
"16.2.2022","2950.00","2950.00","2950.00","2950.00","0.31","70","206500","206500"
"15.2.2022","2941.00","2941.00","2941.00","2941.00","0.02","62","182342","182342"
"14.2.2022","2940.00","2941.00","2940.00","2940.39","-1.99","46","135258","135258"
"09.2.2022","3000.00","3000.00","3000.00","3000.00","-0.96","3","9000","9000"
"04.2.2022","3000.00","3090.00","3000.00","3029.04","-1.97","251","760290","760290"
"02.2.2022","3090.00","3090.00","3090.00","3090.00","0.00","113","349170","349170"
"01.2.2022","3090.00","3090.00","3090.00","3090.00","0.00","100","309000","309000"
"28.1.2022","3090.00","3090.00","3090.00","3090.00","0.00","25","77250","77250"
"27.1.2022","3090.00","3090.00","3090.00","3090.00","3.00","114","352260","352260"
"25.1.2022","3000.00","3000.00","3000.00","3000.00","-3.54","150","450000","450000"
"24.1.2022","3110.00","3110.00","3110.00","3110.00","-1.72","100","311000","311000"
"20.1.2022","3110.00","3273.00","3110.00","3164.33","2.08","60","189860","189860"
"18.1.2022","3100.00","3100.00","3100.00","3100.00","3.33","16","49600","49600"
"14.1.2022","3000.00","3000.00","3000.00","3000.00","3.45","8","24000","24000"
"13.1.2022","2900.00","2900.00","2900.00","2900.00","-2.56","50","145000","145000"
"04.1.2022","3000.00","3000.00","2965.00","2976.29","7.02","291","866100","866100"
"03.1.2022","2781.00","2781.00","2781.00","2781.00","2.96","15","41715","41715"
"28.12.2023","5670.00","5670.00","5660.00","5665.15","3.00","33","186950","186950"
"26.12.2023","5500.00","5500.00","5500.00","5500.00","0.00","70","385000","385000"
"22.12.2023","5500.00","5500.00","5500.00","5500.00","1.85","50","275000","275000"
"20.12.2023","5400.00","5400.00","5400.00","5400.00","0.00","10","54000","54000"
"19.12.2023","5400.00","5400.00","5400.00","5400.00","1.85","18","97200","97200"
"14.12.2023","5360.00","5360.00","5299.00","5301.78","0.03","534","2831150","2831150"
"07.12.2023","5300.00","5300.00","5300.00","5300.00","2.81","2","10600","10600"
"06.12.2023","5155.00","5156.00","5155.00","5155.30","0.10","53","273231","273231"
"29.11.2023","5150.00","5150.00","5150.00","5150.00","0.00","20","103000","103000"
"28.11.2023","5150.00","5150.00","5150.00","5150.00","0.00","37","190550","190550"
"22.11.2023","5150.00","5150.00","5150.00","5150.00","1.98","20","103000","103000"
"13.11.2023","5050.00","5050.00","5050.00","5050.00","-1.94","10","50500","50500"
"08.11.2023","5150.00","5150.00","5150.00","5150.00","0.00","55","283250","283250"
"03.11.2023","5150.00","5150.00","5150.00","5150.00","3.00","2","10300","10300"
"01.11.2023","5000.00","5000.00","5000.00","5000.00","-2.91","67","335000","335000"
"20.10.2023","5150.00","5150.00","5150.00","5150.00","0.00","11","56650","56650"
"19.10.2023","5150.00","5150.00","5150.00","5150.00","1.98","23","118450","118450"
"17.10.2023","5050.00","5050.00","5050.00","5050.00","-1.94","10","50500","50500"
"16.10.2023","5150.00","5150.00","5150.00","5150.00","0.00","11","56650","56650"
"12.10.2023","5150.00","5150.00","5150.00","5150.00","1.78","17","87550","87550"
"10.10.2023","5150.00","5150.00","5000.00","5060.00","1.16","5","25300","25300"
"05.10.2023","5000.00","5050.00","5000.00","5002.06","0.04","243","1215500","1215500"
"02.10.2023","5000.00","5000.00","4999.00","4999.87","0.00","237","1184970","1184970"
"29.9.2023","5000.00","5000.00","5000.00","5000.00","0.00","36","180000","180000"
"20.9.2023","5000.00","5000.00","5000.00","5000.00","1.01","39","195000","195000"
"18.9.2023","4950.00","4950.00","4950.00","4950.00","-1.02","20","99000","99000"
"13.9.2023","5000.00","5020.00","5000.00","5001.00","0.02","1601","8006600","8006600"
"07.9.2023","5000.00","5000.00","4999.00","4999.98","0.00","127","634997","634997"
"01.9.2023","5000.00","5000.00","5000.00","5000.00","0.00","50","250000","250000"
"31.8.2023","5000.00","5000.00","5000.00","5000.00","0.00","30","150000","150000"
"30.8.2023","5000.00","5000.00","5000.00","5000.00","0.00","20","100000","100000"
"25.8.2023","5000.00","5000.00","5000.00","5000.00","-0.01","70","350000","350000"
"24.8.2023","5000.00","5001.00","5000.00","5000.50","-2.88","100","500050","500050"
"21.8.2023","5149.00","5149.00","5149.00","5149.00","-0.02","55","283195","283195"
"01.8.2023","5150.00","5150.00","5150.00","5150.00","0.00","5","25750","25750"
"28.7.2023","5150.00","5150.00","5150.00","5150.00","3.00","60","309000","309000"
"25.7.2023","5000.00","5000.00","5000.00","5000.00","0.00","29","145000","145000"
"21.7.2023","5000.00","5000.00","5000.00","5000.00","0.00","30","150000","150000"
"19.7.2023","5000.00","5000.00","5000.00","5000.00","-1.96","10","50000","50000"
"06.7.2023","5100.00","5100.00","5100.00","5100.00","0.00","50","255000","255000"
"04.7.2023","5100.00","5100.00","5100.00","5100.00","-0.97","60","306000","306000"
"30.6.2023","5150.00","5150.00","5150.00","5150.00","2.18","40","206000","206000"
"29.6.2023","5040.00","5040.00","5040.00","5040.00","-0.22","20","100800","100800"
"14.6.2023","5051.00","5051.00","5051.00","5051.00","0.00","25","126275","126275"
"13.6.2023","5051.00","5051.00","5051.00","5051.00","4.14","20","101020","101020"
"09.6.2023","4850.00","4850.00","4850.00","4850.00","0.00","122","591700","591700"
"08.6.2023","4850.00","4850.00","4850.00","4850.00","-6.72","50","242500","242500"
"19.5.2023","5200.00","5200.00","5199.00","5199.17","-0.02","175","909855","909855"
"18.5.2023","5200.00","5200.00","5200.00","5200.00","0.00","85","442000","442000"
"17.5.2023","5200.00","5200.00","5200.00","5200.00","0.00","60","312000","312000"
"16.5.2023","5200.00","5200.00","5200.00","5200.00","0.00","50","260000","260000"
"11.5.2023","5200.00","5200.00","5200.00","5200.00","0.00","671","3489200","3489200"
"05.5.2023","5200.00","5200.00","5200.00","5200.00","0.00","165","858000","858000"
"04.5.2023","5200.00","5200.00","5200.00","5200.00","0.00","115","598000","598000"
"03.5.2023","5200.00","5200.00","5200.00","5200.00","0.00","130","676000","676000"
"02.5.2023","5200.00","5200.00","5200.00","5200.00","0.00","234","1216800","1216800"
"28.4.2023","5200.00","5200.00","5200.00","5200.00","0.97","51","265200","265200"
"20.4.2023","5150.00","5150.00","5150.00","5150.00","0.21","5","25750","25750"
"18.4.2023","5139.00","5139.00","5139.00","5139.00","2.99","7","35973","35973"
"07.4.2023","4990.00","4990.00","4990.00","4990.00","1.03","67","334330","334330"
"05.4.2023","4950.00","4950.00","4900.00","4939.29","0.80","70","345750","345750"
"04.4.2023","4900.00","4900.00","4900.00","4900.00","0.00","45","220500","220500"
"03.4.2023","4900.00","4900.00","4900.00","4900.00","0.00","26","127400","127400"
"31.3.2023","4900.00","4900.00","4900.00","4900.00","8.89","4","19600","19600"
"29.3.2023","4500.00","4500.00","4500.00","4500.00","0.00","40","180000","180000"
"27.3.2023","4500.00","4500.00","4500.00","4500.00","0.00","30","135000","135000"
"24.3.2023","4500.00","4500.00","4500.00","4500.00","0.27","72","324000","324000"
"16.3.2023","4500.00","4500.00","4450.00","4487.97","-2.01","79","354550","354550"
"15.3.2023","4550.00","4600.00","4550.00","4580.23","-0.45","43","196950","196950"
"14.3.2023","4601.00","4601.00","4601.00","4601.00","-7.98","10","46010","46010"
"07.3.2023","5000.00","5000.00","5000.00","5000.00","-1.77","36","180000","180000"
"06.3.2023","5090.00","5090.00","5090.00","5090.00","-0.42","6","30540","30540"
"21.2.2023","5140.00","5140.00","5100.00","5111.43","2.23","14","71560","71560"
"20.2.2023","5000.00","5000.00","5000.00","5000.00","0.00","46","230000","230000"
"10.2.2023","5000.00","5000.00","5000.00","5000.00","0.00","47","235000","235000"
"08.2.2023","5000.00","5000.00","5000.00","5000.00","0.00","25","125000","125000"
"06.2.2023","5000.00","5000.00","5000.00","5000.00","-0.99","18","90000","90000"
"03.2.2023","5050.00","5050.00","5050.00","5050.00","6.32","8","40400","40400"
"02.2.2023","4750.00","4750.00","4750.00","4750.00","0.00","30","142500","142500"
"31.1.2023","4750.00","4750.00","4750.00","4750.00","0.00","11","52250","52250"
"26.1.2023","4750.00","4750.00","4750.00","4750.00","0.06","35","166250","166250"
"25.1.2023","4750.00","4750.00","4678.00","4747.23","1.88","104","493712","493712"
"24.1.2023","4678.00","4678.00","4600.00","4659.43","2.38","126","587088","587088"
"23.1.2023","4600.00","4600.00","4550.00","4551.00","2.43","3589","16333522","16333522"
"20.1.2023","4530.00","4530.00","4400.00","4442.83","-1.16","115","510925","510925"
"18.1.2023","4495.00","4495.00","4495.00","4495.00","4.49","10","44950","44950"
"17.1.2023","4302.00","4302.00","4302.00","4302.00","-1.10","10","43020","43020"
"13.1.2023","4350.00","4350.00","4350.00","4350.00","2.35","20","87000","87000"
"10.1.2023","4250.00","4250.00","4250.00","4250.00","0.49","99","420750","420750"
"09.1.2023","4200.00","4250.00","4200.00","4229.41","-0.48","17","71900","71900"
"05.1.2023","4250.00","4250.00","4250.00","4250.00","2.75","50","212500","212500"
"04.1.2023","4150.00","4150.00","4125.00","4136.36","3.41","55","227500","227500"
"03.1.2023","4000.00","4000.00","4000.00","4000.00","-0.14","20","80000","80000"
"27.12.2024","7150.00","7150.00","7000.00","7138.89","-0.16","27","192750","192750"
"26.12.2024","7150.00","7150.00","7150.00","7150.00","0.00","49","350350","350350"
"25.12.2024","7150.00","7150.00","7150.00","7150.00","0.46","25","178750","178750"
"24.12.2024","7200.00","7200.00","7110.00","7116.92","0.24","13","92520","92520"
"23.12.2024","7100.00","7100.00","7100.00","7100.00","-1.39","10","71000","71000"
"19.12.2024","7200.00","7200.00","7200.00","7200.00","-2.03","47","338400","338400"
"13.12.2024","7349.00","7349.00","7349.00","7349.00","0.00","5","36745","36745"
"11.12.2024","7349.00","7349.00","7349.00","7349.00","0.00","25","183725","183725"
"10.12.2024","7349.00","7349.00","7349.00","7349.00","0.05","39","286611","286611"
"06.12.2024","7349.00","7350.00","7200.00","7345.18","2.37","1051","7719786","7719786"
"05.12.2024","7200.00","7200.00","7150.00","7175.00","1.06","40","287000","287000"
"02.12.2024","7100.00","7100.00","7100.00","7100.00","0.00","20","142000","142000"
"28.11.2024","7100.00","7100.00","7100.00","7100.00","0.00","19","134900","134900"
"27.11.2024","7100.00","7100.00","7100.00","7100.00","0.00","100","710000","710000"
"25.11.2024","7100.00","7100.00","7100.00","7100.00","-0.14","10","71000","71000"
"21.11.2024","7110.00","7110.00","7110.00","7110.00","-0.21","5","35550","35550"
"20.11.2024","7125.00","7125.00","7125.00","7125.00","-0.35","15","106875","106875"
"19.11.2024","7150.00","7150.00","7150.00","7150.00","-0.77","15","107250","107250"
"15.11.2024","7250.00","7250.00","7200.00","7205.66","-0.25","53","381900","381900"
"14.11.2024","7250.00","7250.00","7200.00","7223.39","0.32","62","447850","447850"
"13.11.2024","7200.00","7200.00","7200.00","7200.00","2.86","57","410400","410400"
"12.11.2024","7000.00","7000.00","7000.00","7000.00","-2.78","5","35000","35000"
"05.11.2024","7200.00","7200.00","7200.00","7200.00","0.88","10","72000","72000"
"04.11.2024","7285.00","7285.00","7100.00","7137.00","-2.02","10","71370","71370"
"01.11.2024","7284.00","7284.00","7284.00","7284.00","2.59","7","50988","50988"
"21.10.2024","7100.00","7100.00","7100.00","7100.00","-1.39","20","142000","142000"
"17.10.2024","7200.00","7200.00","7200.00","7200.00","0.00","11","79200","79200"
"16.10.2024","7200.00","7200.00","7200.00","7200.00","0.00","130","936000","936000"
"15.10.2024","7200.00","7200.00","7200.00","7200.00","-1.22","685","4932000","4932000"
"01.10.2024","7289.00","7289.00","7289.00","7289.00","1.96","10","72890","72890"
"30.9.2024","7150.00","7150.00","7149.00","7149.13","-0.71","287","2051800","2051800"
"26.9.2024","7200.00","7200.00","7200.00","7200.00","2.86","10","72000","72000"
"25.9.2024","7000.00","7000.00","7000.00","7000.00","-0.30","53","371000","371000"
"24.9.2024","7000.00","7030.00","7000.00","7020.91","-1.81","33","231690","231690"
"19.9.2024","7150.00","7150.00","7150.00","7150.00","1.71","500","3575000","3575000"
"18.9.2024","7030.00","7030.00","7030.00","7030.00","0.12","36","253080","253080"
"16.9.2024","7050.00","7050.00","7000.00","7021.43","0.18","35","245750","245750"
"13.9.2024","7000.00","7149.00","7000.00","7008.47","0.46","174","1219473","1219473"
"12.9.2024","7000.00","7000.00","6970.00","6976.38","0.09","127","886000","886000"
"11.9.2024","6970.00","6970.00","6970.00","6970.00","-0.14","50","348500","348500"
"06.9.2024","6980.00","6980.00","6980.00","6980.00","-0.03","80","558400","558400"
"27.8.2024","7000.00","7000.00","6900.00","6982.35","1.93","34","237400","237400"
"22.8.2024","6850.00","6850.00","6850.00","6850.00","-0.72","30","205500","205500"
"20.8.2024","6900.00","6900.00","6900.00","6900.00","-0.73","50","345000","345000"
"15.8.2024","6951.00","6951.00","6950.00","6950.72","0.01","36","250226","250226"
"14.8.2024","6950.00","6950.00","6950.00","6950.00","-0.56","59","410050","410050"
"12.8.2024","6950.00","7000.00","6950.00","6989.00","1.11","50","349450","349450"
"09.8.2024","6900.00","7100.00","6900.00","6912.50","-1.24","16","110600","110600"
"08.8.2024","6999.00","6999.00","6999.00","6999.00","-0.01","20","139980","139980"
"07.8.2024","7000.00","7000.00","7000.00","7000.00","0.00","62","434000","434000"
"05.8.2024","7000.00","7000.00","7000.00","7000.00","-2.20","40","280000","280000"
"01.8.2024","7150.00","7190.00","7150.00","7157.75","-0.45","71","508200","508200"
"31.7.2024","7190.00","7190.00","7190.00","7190.00","0.00","50","359500","359500"
"30.7.2024","7190.00","7190.00","7190.00","7190.00","0.00","50","359500","359500"
"29.7.2024","7200.00","7200.00","7180.00","7190.22","0.14","92","661500","661500"
"26.7.2024","7180.00","7180.00","7180.00","7180.00","-0.26","60","430800","430800"
"25.7.2024","7199.00","7199.00","7199.00","7199.00","-0.01","5","35995","35995"
"24.7.2024","7200.00","7200.00","7200.00","7200.00","0.00","10","72000","72000"
"23.7.2024","7200.00","7200.00","7200.00","7200.00","0.00","4","28800","28800"
"22.7.2024","7200.00","7200.00","7200.00","7200.00","0.70","20","144000","144000"
"18.7.2024","7150.00","7150.00","7150.00","7150.00","2.88","3","21450","21450"
"17.7.2024","6950.00","6950.00","6950.00","6950.00","-0.71","32","222400","222400"
"16.7.2024","7000.00","7000.00","7000.00","7000.00","0.36","10","70000","70000"
"11.7.2024","7000.00","7000.00","6950.00","6975.00","0.36","20","139500","139500"
"05.7.2024","6950.00","6950.00","6950.00","6950.00","0.08","40","278000","278000"
"04.7.2024","6900.00","7000.00","6900.00","6944.44","0.64","54","375000","375000"
"01.7.2024","6900.00","6900.00","6900.00","6900.00","2.22","10","69000","69000"
"28.6.2024","6750.00","6750.00","6750.00","6750.00","0.75","20","135000","135000"
"26.6.2024","6700.00","6700.00","6700.00","6700.00","-1.47","6","40200","40200"
"12.6.2024","6800.00","6800.00","6800.00","6800.00","1.49","165","1122000","1122000"
"10.6.2024","6700.00","6700.00","6700.00","6700.00","0.00","101","676700","676700"
"06.6.2024","6700.00","6700.00","6700.00","6700.00","-0.74","40","268000","268000"
"05.6.2024","6750.00","6750.00","6750.00","6750.00","-1.15","45","303750","303750"
"03.6.2024","6800.00","6850.00","6800.00","6828.57","-1.61","70","478000","478000"
"30.5.2024","6940.00","6940.00","6940.00","6940.00","-0.86","25","173500","173500"
"23.5.2024","7000.00","7000.00","7000.00","7000.00","2.16","2","14000","14000"
"21.5.2024","6850.00","6950.00","6850.00","6851.96","-1.69","510","3494500","3494500"
"16.5.2024","6970.00","6970.00","6970.00","6970.00","-2.99","10","69700","69700"
"15.5.2024","7200.00","7200.00","7100.00","7184.62","0.34","325","2335000","2335000"
"14.5.2024","7160.00","7161.00","7160.00","7160.08","-1.24","100","716008","716008"
"10.5.2024","7250.00","7250.00","7248.00","7249.71","0.50","244","1768930","1768930"
"09.5.2024","7245.00","7245.00","7200.00","7213.31","1.31","71","512145","512145"
"07.5.2024","7119.00","7120.00","7119.00","7119.71","-1.58","55","391584","391584"
"02.5.2024","7240.00","7240.00","7220.00","7234.29","0.36","119","860880","860880"
"30.4.2024","7220.00","7220.00","7200.00","7208.42","0.23","190","1369600","1369600"
"29.4.2024","7200.00","7220.00","7150.00","7191.58","-0.18","377","2711227","13515407"
"26.4.2024","7220.00","7220.00","7200.00","7204.90","0.07","102","734900","734900"
"25.4.2024","7200.00","7200.00","7200.00","7200.00","0.92","23","165600","165600"
"23.4.2024","7120.00","7143.00","7120.00","7134.50","-1.18","100","713450","713450"
"22.4.2024","7220.00","7220.00","7220.00","7220.00","1.53","20","144400","144400"
"19.4.2024","7111.00","7111.00","7111.00","7111.00","-1.10","10","71110","71110"
"18.4.2024","7190.00","7190.00","7190.00","7190.00","0.00","25","179750","179750"
"17.4.2024","7190.00","7190.00","7190.00","7190.00","0.00","21","150990","150990"
"16.4.2024","7190.00","7190.00","7190.00","7190.00","0.00","4","28760","28760"
"09.4.2024","7190.00","7190.00","7190.00","7190.00","0.00","68","488920","488920"
"05.4.2024","7190.00","7190.00","7190.00","7190.00","-0.14","12","86280","86280"
"03.4.2024","7200.00","7200.00","7200.00","7200.00","0.70","30","216000","216000"
"02.4.2024","7150.00","7150.00","7150.00","7150.00","-0.09","10","71500","71500"
"01.4.2024","7400.00","7400.00","7050.00","7156.22","3.23","127","908840","908840"
"29.3.2024","6932.00","6932.00","6932.00","6932.00","0.00","54","374328","374328"
"28.3.2024","6830.00","7000.00","6830.00","6932.00","-0.08","50","346600","346600"
"26.3.2024","6935.00","6940.00","6935.00","6937.50","0.03","20","138750","138750"
"25.3.2024","6930.00","6940.00","6930.00","6935.26","-2.18","19","131770","131770"
"18.3.2024","7090.00","7090.00","7090.00","7090.00","1.00","4","28360","28360"
"14.3.2024","7020.00","7020.00","7020.00","7020.00","-0.19","6","42120","42120"
"13.3.2024","7032.00","7035.00","7030.00","7033.18","-0.66","110","773650","773650"
"12.3.2024","7080.00","7080.00","7080.00","7080.00","-0.27","160","1132800","1132800"
"05.3.2024","7100.00","7100.00","7099.00","7099.50","1.29","20","141990","141990"
"01.3.2024","7009.00","7009.00","7009.00","7009.00","-1.28","10","70090","70090"
"28.2.2024","7100.00","7100.00","7100.00","7100.00","0.00","30","213000","213000"
"27.2.2024","7100.00","7100.00","7100.00","7100.00","0.04","8","56800","56800"
"26.2.2024","7100.00","7100.00","7090.00","7096.97","1.39","66","468400","468400"
"23.2.2024","7000.00","7000.00","7000.00","7000.00","-1.13","49","343000","343000"
"20.2.2024","7080.00","7080.00","7080.00","7080.00","1.14","7","49560","49560"
"16.2.2024","7000.00","7001.00","7000.00","7000.52","-1.40","21","147011","147011"
"15.2.2024","7100.00","7100.00","7099.00","7099.73","1.42","75","532480","532480"
"12.2.2024","7000.00","7000.00","7000.00","7000.00","0.00","20","140000","140000"
"09.2.2024","7000.00","7000.00","7000.00","7000.00","0.00","30","210000","210000"
"08.2.2024","7000.00","7000.00","7000.00","7000.00","-0.51","42","294000","294000"
"07.2.2024","6980.00","7099.00","6980.00","7035.53","-1.81","15","105533","105533"
"05.2.2024","7130.00","7350.00","7130.00","7165.48","2.36","62","444260","444260"
"02.2.2024","7000.00","7000.00","7000.00","7000.00","2.62","12","84000","84000"
"01.2.2024","6752.00","6960.00","6752.00","6821.33","7.74","15","102320","102320"
"31.1.2024","6331.00","6331.00","6331.00","6331.00","0.02","100","633100","633100"
"30.1.2024","6330.00","6330.00","6330.00","6330.00","0.00","25","158250","158250"
"29.1.2024","6330.00","6330.00","6330.00","6330.00","0.34","65","411450","411450"
"25.1.2024","6330.00","6330.00","6300.00","6308.33","0.13","180","1135500","1135500"
"24.1.2024","6300.00","6300.00","6300.00","6300.00","0.00","51","321300","321300"
"23.1.2024","6300.00","6300.00","6300.00","6300.00","1.34","15","94500","94500"
"18.1.2024","6201.00","6350.00","6201.00","6216.57","-1.64","300","1864970","1864970"
"17.1.2024","6398.00","6398.00","6300.00","6320.34","1.95","818","5170041","5170041"
"16.1.2024","6200.00","6200.00","6199.00","6199.46","1.63","35","216981","216981"
"15.1.2024","6100.00","6100.00","6100.00","6100.00","1.67","20","122000","122000"
"11.1.2024","6000.00","6000.00","6000.00","6000.00","4.35","10","60000","60000"
"10.1.2024","5750.00","5750.00","5750.00","5750.00","1.41","10","57500","57500"
"02.1.2024","5670.00","5670.00","5670.00","5670.00","0.09","20","113400","113400"
